platform,app,source,reviewId,userName,score,at,content
reddit,mixed,r/india,1n1aq9b,BedLazy3978,7,2025-08-27 13:11:37,"Broker and landlord scamming me in Cyber City U 18 DLF Phase 3. Not returning security or brokerage
I am M19, a student from Chandigarh, not from Delhi. I shifted to Gurgaon on 24 August and I feel like I am being scammed.

The broker showed me a really nice room on the 5th floor in U 18, Building 55, DLF Cyber City, Phase 3. He first said it would be available from 1 September, then he told me that if I move early he will arrange the same room for me. That is the only reason I came early. I even sent him 3,000 as token. We agreed the rent would be 10,200 after negotiation. He asked for the full security deposit of 10,200, the rent, and brokerage. I paid a total of 17,950 by Google Pay and I have all the screenshots.

When I reached on 24 August, he took me to the 5th floor and someone was already living in the exact room I chose. Then he dragged me to a ground floor room that I had already rejected on WhatsApp video. He said this is only till 1 September and then the 5th floor will be mine. Also, he promised me a more luxury room for 27 or 28 because my friends were coming, even better than the one I chose, and I paid immediately based on that promise. Now he says there is no other room available.

This temporary room is disgusting. The AC does not work. The flush is broken, drainage is clogged, there is no water in the wash basin. The fridge does not work. The cupboard is smelly and does not close. The walls are yellow and the whole room smells. The kitchen shelves are broken and have mold. There is no key to lock my room from outside, so my laptop and bags are not safe. The road outside is basically waterlogged mud, not walkable at all. The wifi does not work and there is no mobile network inside this room, I was barely catching a faint signal from the first floor and even YouTube would not load. They also promised a gas cylinder that would be available and changed regularly, but there is no cylinder at all, so I have been forced to order food on Swiggy for days which is unhealthy and expensive. In my old PG in Sector 14 I used an induction and cooked and it was way cheaper and cleaner.

When I asked the broker to return the brokerage because he did nothing and lied, he was rude and refused. When I asked the owner to return my security deposit and let me go after paying for the few days, he said he will keep the full 10,200 even for a single day and that I have to give a one month notice. The owner is also saying he has nothing to do with whatever the broker promised, so they are both passing the blame.

Right now I have paid almost 18k, I am stuck in a filthy and unsafe room, and I am not even sure I will get the 5th floor room on 1 September. I am a student and new to the city, I cannot even tell my parents because I will just get the I told you so lecture.

What should I do here. Should I go to the local police station. Should I file a cyber complaint since all payments are on Google Pay. Will the police even take this seriously. Or should I just cut my losses, stay this one month, and move back to my old PG in Sector 14 which had weekly cleaning, safety, and everything working.

Any advice will help. I do not want other students to get trapped by the same broker and landlord."
reddit,mixed,r/india,1myqyaz,Specialist_Meaning73,6465,2025-08-24 14:48:15,"The kind of India we ignore
Last month, after a late night at work, I booked an auto to go back home. It was past 11, streets were half-empty, and I was half-dead from exhaustion. The auto driver was an older man, maybe late 50s, thin frame, tired eyes. Usually, I just plug in my earphones and zone out, but that day I didn’t.

We started talking. First, just small talk, traffic, weather, random stuff. Then I asked him casually, “Bhaiya, aap roz itna late tak chalate ho?” (Do you drive this late every day?)

He laughed, not in a happy way, but in a “what choice do I have” way. He said, “Bhaiya, do betiyan hain. Ek ke liye coaching fees deni hai, doosri ke school ka kharcha. Din mein 700–800 banta hai, usmein se aadha toh gas aur kiraya chala jaata hai. Raat ko chalata hoon taaki unki padhai na ruk jaye.”

I went silent. Here I was, cribbing about my corporate job, while this man was driving 14–16 hours a day so his daughters could have a shot at a better life.

Then he said something that has stuck in my head since that night:
“Gareeb aadmi sapne nahi dekhta apne liye, sirf apne bachon ke liye. Mere liye toh bas itna hai ki mujhe kal bhi chalane ki taaqat mile.”
(A poor man never dreams for himself, only for his children. For me, all I pray is that tomorrow I still have the strength to drive.)

By the time I reached home, I didn’t even feel like getting out of the auto. I gave him extra money, nothing life-changing, but he refused at first. Then he took it, folded his hands, and said, “Aapko bhi khuda taaqat de.”

I went upstairs, sat on my bed, and just kept thinking. Every day we complain about traffic, bosses, deadlines, Zomato deliveries being late. And at the same time, there are thousands of people around us who are literally breaking their bodies apart just so their kids don’t end up like them.

It humbled me. It made me realize how invisible these stories are, until you stop, listen, and acknowledge.

Maybe the biggest privilege we have isn’t money or English-speaking jobs. It’s the fact that we are allowed to dream for ourselves.

And I’ll never forget that one line from him:
“Gareeb aadmi sapne nahi dekhta apne liye.”"
reddit,mixed,r/india,1mthsyd,RootedInLogic,2,2025-08-18 15:32:37,"Feeling Lost Desperate for Help in My PM Job Search (NCR Relocation)
Hey everyone,

This is a tough post to write, but I’m out of options. I have more than 5 years’ experience managing projects, driving change, rolling out complex tech systems, and working side-by-side with developers and users. I’ve carried projects from start to finish, led teams, solved problems, and handled everything from planning to delivery. My experience spans tech, analytics, and operations across multiple jobs and companies.

**My Exp :-**

* **Project Manager (Product-led)** | 2.5 years | Led digital transformation, ERP rollouts, cloud migrations, team delivery
* **Co-Founder / Product Builder – Side Project** | 6 months | Built and launched a privacy-focused file sharing tool, gathered user feedback, shipped releases on tight timelines
* **Demand & Planning Lead Analyst – Swiggy(Instamart)** | 6 months | Improved demand forecasting and analytics for Instamart, collaborated across teams to optimize operations
* **Business Analyst** | 4 months | Hands-on analytics, system improvements, and process optimization
* **Data Analyst** | 2+ years (incl. KPMG US internship) | Created dashboards, automated pipelines, and drove business research

**I desperately want to switch to a Product Manager role and need to move to Gurgaon/Noida in 3 months to join my wife. I’ve put my heart into this:**

* Revamped my resume and LinkedIn to match PM requirements
* Applied to over 100 PM openings every platform I could find
* Invested ₹1,18,000 in a PM course to upskill and show my commitment

But the truth is, I haven’t received a single interview. Every day, I feel more anxious, more lost, and I’m starting to doubt my worth entirely. The silence is unbearable. I know I can deliver as a PM, but no one’s giving me a chance. It feels like my experience and effort mean nothing.

If anyone’s been through this, or if you have advice, leads, or even just honest feedback:

* How do I break through, make someone actually notice me for a PM job?
* Are there NCR recruiters, platforms, or companies that see beyond buzzwords and titles?
* Any raw, real tips for making this transition?

Please anything at all, a connection, a resume review, even encouragement. I’m truly grateful for any response. Thanks for reading."
reddit,mixed,r/india,1mpa9oq,Junior-Winner-2000,26,2025-08-13 22:38:44,"Swiggy's unfair cancellation fee, but shout-out to Zishan
Hey, just had to share this absolutely mind-numbing experience with Swiggy tonight. I ordered food for my guests, and what followed was a comedy of errors that left me with hungry guests and a serious rage quit moment.

It all started when the delivery partner assigned to my order met with an accident. I called him to check on the status, and that's when he told me what happened. I felt really bad for him and, of course, understood why he couldn't deliver. After that, I immediately tried to contact Swiggy customer care, which took a while.

Once I finally got on a call with them, the agent was incredibly rude and ended up cutting the call on me. Unbelievable. I then tried my luck on the chat platform, where I got a hold of a support agent. I tried to cancel the order, but to my shock, they told me there would be a 100% cancellation fee. Seriously? It's not my fault the delivery guy had an accident, and it's not my fault the delivery was now impossible. But sure, I'll pay for the privilege of a failed delivery.

I decided to be patient and asked them to assign a new partner. A new partner was assigned, but surprise, surprise... he wasn't moving. I kept messaging the agent, who would disappear for 5 minutes at a time and then reply with a generic message. My guests were getting antsy, and I was getting seriously frustrated.

After some more back and forth, the agent finally told me the new partner had reached the restaurant. Great, I thought. Maybe now things will move. Nope. The restaurant hadn't even started preparing the food yet! The order was already delayed by more than 20 minutes at this point. I was essentially being punished for a string of failures that had nothing to do with me.

The food was still not on its way, my guests had given up and started eating biscuits. I'll be honest, I had completely lost my patience. But I have to give credit to the chat agent, Zishan. He was in total patience throughout the entire conversation. In the end, he managed to get me a 70% refund back, which was better than nothing.

This is the worst customer service I've experienced. How is it fair to charge a customer a 100% cancellation fee when all the delays and issues are on their end? Despite my awful experience with the call agent and the terrible policy, I do want to appreciate the help Zishan provided.

Has anyone else had a similar experience with Swiggy's ridiculous policies and terrible support? Let me know, I'm genuinely curious if this is a common issue.

If anyone wants to see the screenshots as proof, feel free to DM me."
reddit,mixed,r/india,1mk17ff,serialposter,26,2025-08-07 19:43:30,"""Stay In Your Lane, India"": Zomato CEO Deepinder Goyal's Solution To 50% Trump Tariffs"
reddit,mixed,r/bangalore,1ms37zf,antiantilogical,175,2025-08-16 23:49:19,"How nonchalant has Zomato support has gotten even in serious lapse in service
Late evening, ordered a Paneer Tikka wRoti from Balanced Bites Koramangala. Lo and behold, what I get is a pool of thick red gravy from which I pull out chuncky piece of chicken amid my (almost) first bite. 

2 minutes later, after recovering from the 🤢, I go to Zomato support, PFA chat

MF'kin bot just saying forget it bro.

Here me realising I got fked over 2 times in a row. I just can't belive how nonchalant have these companies gotten that they can casually ruboff any grave mistake they make and just walk away knowing max-to-max they'll issue a refund after 2-3 days backnforth over the mail.

Ultimately dear vegetarians crowd, avoid Balanced Bites Koramangala and, if possible to all, avoid all situations where you might have to contact Zomato customer service."
reddit,mixed,r/bangalore,1mndagr,anantharamashok,198,2025-08-11 19:10:58,"Some experiences in Bangalore that shook me and some that touched my heart
I will just post a compilation of both heartwarming as well as negative interactions I had in Bangalore over the past few days working as a Zomato delivery partner.   
(Pardon my grammar and narration style for any mistakes or inconsistencies)

I was mired in some deep personal issues relating to divorce and lots other and had to quit job back in March. (Big time regret). Now I am unable to get any opportunities and hence decided to join Zomato to earn a livelihood until i land a decent job. here are some of the experiences that hurt me and some that touched me:

 **1. The rude lady**: After picking my order from the restaurant, I reached the location on time and reached the customers doorstep. There was no response even after ringing the bell. So I gave her a call and she started yelling at me for being in the wrong location. She called me ""incompetent"" and told me that I cannot even do a simple job like delivery.  
My English had a slight accent as well and she picked it mid way and passively mocking my accent with someone in the background as I pronounced it as ""dɪˈlɪv(ə)ri"" and she started highlighting it to her friend saying the ""the dɪˈlɪv(ə)ri person couldn't find the location"" and all. Somehow mentioned the location as a parlour and I made my way to there which was 1.5km from her given location.

Apparently she ordered some drinks to parlour but ended up ordering it to her home address. I didnt reason with her much, but just let her know what had apparently happened. She just told it might have been an app issue and left. No sorry, nothing. I exchanged a friendly smile and left.

**2.** **The chain snatch incident**: On my way to pick up an order, a cow jumped in front of me from my blind spot and in order to avoid a collision, I tried evading and fell on the road. Luckily the speed wasn't much, but i ended up bruising my knees and feet badly. My feet got stuck in the wheel alloy and from that day I am limping. A few people who were standing in the roadside were quick to respond, helped me up and parked my bike on the side. Those were some genuinely good people. 

I was so pissed off that people are letting their cattle loose on a highway but suddenly I felt it. Someone was trying to pull mu gold chain. My chain was tangled with the waterproof mobile pouch which I was wearing across my neck and as the person pulled it, i could quickly feel my phone lift up a bit. I immediately held my chain and looked back unable to figure who it was since there were a lot of people assembled around me. I was bleeding, I was in pain, I was high on adrenaline, but this incident really shook me. I swiftly took off and left the place en-route collect my next order.

**3.** **The very kind security person**: It was raining badly and I wasn't getting any orders. SO i thought to settle and await an order in a fast paced food spot. There were quite some restaurants there very adjacent to each other. I parked my vehicle and was limping to shelter and this old man saw me limping from a distance. He ran all the way to me and told me not to strain much, just let him know the order number and he will collect it on behalf of me.

I was so touched by the kind gesture of this man. I let him know that I haven't had any order yet and was just heading for a tea. I was feeling so overwhelmed my this kind gesture. 

4. **A mean bunch**: I reached the drop location and called the person and they let me know that they resided in the 5th floor. I looked up to see that they waved their hands to come to the top. I was limping, but in no way I was slow. I limped all the way to the top and i could hear the ladies talking in Malayalam where once girl was asking the other in Malayalam if that Limp legged Ma\*\*\*\*(cuss word in malayalam) hasn't come yet and the other person replied back to her saying that by the time that Ma\*\*\*\*(cuss word in Malayalam), it will be night.  
In no way I was slow. I was walking in the same pace as any normal human do. I felt bad, but this is how it is. Everyone was things so fast these days. I immediately showed up and suddenly it dawned on them that i might have heard them. I pretended as if I dint understand their language, proceeded to exchange a casual smile, handed their package and left.

5. **An angel of a lady**: I was heading to a delivery and as I crossed the road, I saw an old man with a walking stick struggling to put his chappal on. I without any hesitation bend down and helped him with it. He gratuitously told something in Kannada (which i didn't understand at all, but it made me feel happy).   
I proceeded to the 1st floor for the delivery where this lady was already standing in the corridor to collect the order. She collected the older and told me that i was a very good man. Apparently she she saw me helping the old man. I thanked her for being so nice and she invited me for a lunch. I lied to her saying that I did had my lunch just now only and thanked her for her benevolent gesture. Still she gave me some lime water and asked if I need anything else for my travel like snacks and all. I again lied to her that I am finishing my shift and left.

Her beautiful smile stayed with me. A lot of people has been mean to me in different ways, but never have my eyes turned wet. But now I as I drove to the next pickup location, I felt warm drops of tears rolling down my cheecks. Guess I could take all the hate in this world, But I am not used to getting love or people being nice to me.

6. **A very chill and open-minded guy**: It was late in the evening. My phone was already running out of charge. So as I reached a customer location, I asked the person if he could plug in my phone for charge for a good 5 minutes. This guy agreed and he invited me into his place. I told him i was good standing outside, but he insisted, made me sit, offer some water and before leaving even offered me that sweet peanut candy.  
I left that place with a feeling of warmth and happiness in my heart.

7. **The entitled lady**: I had a delivery at  facility which I believe was some sort of quarters or hostel facility for medical students/Doctors. The security wasn't allowing delivery person inside and asked me to call the concerned person. I called the person and waited for a good 10 minutes. It also started drizzling lightly. It was already 10 mins, I followed up again with a call to see that her phone was busy. I tried again to get shouted at asking why cant you wait a bit?

Now the drizzle has turned into a full blown rain and that too subsided after 5 mins back to a drizzle. Now this lady stepped out from the facility. Now it was nearing 20 mins. Guess  I should have reported to customer care already, but I gave her a call again. I realised that she was the one who exited the facility now and she is stalling talking to someone while making me wait in this cold rain. Again after a few minutes once she finished the call, she came and picked up my order.

No excuses for stalling, no apologies, not even an acknowledgement. Came and collected the package as if the entire purpose of my birth was to wait for her and then left just like that.

These experiences has really been a life-changer for me. They have really taught me a lot and reminded me of how good my life was when i just worked on weekdays in an A/C cabin with full blown facilities. I c consider each and every experience as a precious gem that is molding and shaping me into a better person with grit and resilience. 

But deep down I still wish the world would have been a better place with more nice people in it."
reddit,mixed,r/mumbai,1mz4i5l,johndoe_wick,299,2025-08-25 00:40:35,"Am I the selfish and wrong one here?
Asking the Mumbai peeps as i feel you folks are much more modern, sensible and aware about this stuff.


——
So my GF(or ex now) is 26 and i am 29. I earn like 10x more than her. (Not bragging but to give you proper context).

So, she is someone who’s very materialistic and we had fights about this many times, like she will think my money is hers and so.

So, she asked me to order her zomato, feels its normal to ask for it every now and then, blinkiting her groceries etc.

I understand I stay away and we have a long distance, I do send her flowers and give her money for shopping every month, not too much but maybe 5-10k. Cause I got financial liabilities too.

So keeping above apart, i couldn’t be with her on her birthday as i had an Europe trip planned that time. It was made to be an issue. So after a lot of fights we ended up deciding this October we will go to Srilanka.


So, i was willing to sponsor her the entire trip, visa flights everything. Then she came up with the thing about shopping. I said wo toh tum karloge naa, coz i am already spendingg so much. She then made it an huge issue, like she’s entitled that i should buy her this and that and said this was supposedly her birthday compensation trip. I clearly said i never said that i will treat this as bday. Anyway, the trip would have costed around 50-60k for sure.

I was so disgusted with this behaviour i just broke up with her. I couldn’t let my self respect down, it’s not ego but her behaviour. She was always money minded. We had our engagement planned this year end, I broke that up too. Unofficially but her parents were aware that she wants to marry me etc, so were mine.

I mean, I am not seeking any validations here. But I want to understand, did I lack something here? Was I supposed to be her financial backbone even before marriage? She has many times even taken money from me and not returned it. I never said anything, but seriously, this was the final nail on the coffin. I couldn’t let her drag her behaviour so much.

Help me assess the situation as I am overthinking like crazy!"
reddit,mixed,r/mumbai,1my6uri,Prize_Loss1996,2,2025-08-23 22:33:26,"food stall recommendation near Byculla
Hi !

I just moved to Mumbai Central from Colaba and I am kind off a foodie, is there anyone who knows any good foods stall or restaurant near  Mumbai Central,byculla or Tardeo area ,etc... ?

I am a meat fanatic and Mumbai Central is full of good meat stalls but they are a lot of it and I have had some bad experiences, so I would prefer to go in a good reviewed place. 

I would just search it on google maps or Swiggy but these apps don't have many stalls and other places listed on them... I know the most famous ones like Persian durbar, Mao restaurant, grill and rice, sarvi and sardar pav bhaji and I have tried them but they don't feel like gems.

  
Also P.S. I tried the very recommended Chinese palace and it was shitty so anyone who likes that place is my enemy. XD"
reddit,mixed,r/mumbai,1mv0rw2,NastyStarFish,355,2025-08-20 06:30:06,"Raining so much that Zomato goes offline.
Glad to see  Zomato taking responsibility of their riders and stopping the service temporarily. I've never seen zomato unavailable in so many years that I've been using it."
reddit,mixed,r/mumbai,1muc3np,Resident_Divide75,0,2025-08-19 13:22:05,"Can Anyone suggest best chicken/mutton Restaurant, which is available on Zomato in Andheri East .
I am living in andheri East for 9 months and still haven't found good non veg restaurant"
reddit,mixed,r/mumbai,1mtmkpo,Loud-Fall-2082,152,2025-08-18 19:18:57,"Mumbai and its rains: a humanitarian crisis?
I have lived here for only 3 years; and the hustle during monsoons is something that awes me till today. In Chennai; the entire city slumbers and takes a sabbatical if it has rained continuously for 3 hours. You can show up late to work or call in wfh. We used to have cyclones; and as a medical intern, we used to let our Dayscholar batchmates take the day off while we battled with our umbrellas through the flood and covered their duties as well. Nevertheless, duties were light. Only people who REALLY needed to come to hospital came, the rest had the good sense to stay home. Swiggy and zomato would say “sorry, we’re not taking orders at the moment”. If you are out of milk/sugar/need a hot meal- you gotta go ask your neighbours or the local shop like a normal person.


We still functioned. But we cut down on the non essential stuff. Lives are lost in the rains, and we know. Electrocution, infections, lack of transport. We spent the time to take care of each other and ourselves. We weren’t bothered about hustles, and making 5-10 rs. 
Maybe this hustle culture is vital for you as a city. Maybe, with your longer monsoons, this city does fall if you cut corners for the monsoons. Mumbai tries its best to function the same, whether it is raining cats and dogs or not. But it is a sign of capitalistic decay nonetheless. Perhaps, for the benefit of the safety of the person in front of you, we could scale back our dependence on goods and services for a day. Have ghar ka khichdi instead of chilli chicken on swiggy. Not go for a jog through the flood, even if that means we end up with a slight pooch for the next month. Relieve our dogs nearer to our homes and pick up their poo; instead of putting on wet boots and raincoats on them to soil the roadside, contaminating the waters that the rest of the city walks through. And take a goddamn nap while we are at it."
reddit,mixed,r/mumbai,1msp552,Karmaisabeachhh,294,2025-08-17 17:35:14,"Swiggy delivery guy refused my buff order; what are the chances Karyakartas end up at my place?
So I ordered buff from a restaurant over Swiggy. After the order had been prepared, the delivery partner called me and said he does not want to deliver the food since it has buff. So I called Swiggy and asked them to re-assign the delivery partners, which they did.

Now, the first delivery partner (and in fact the second one too) has my address and knows where I live. What are the chances people turn up here?

Don’t want to end up on instagram news over the long weekend guys lol"
reddit,mixed,r/mumbai,1mslg33,Realistic_Skirt6032,7,2025-08-17 13:53:18,"Healthy hygienic food restaurants in Mumbai ?
I am not keeping well for the last few days, and I want to order some hygienic healthy food through Zomato. 

I am put up in the Ghatkopar for your reference. 

Suggest some restaurants that take hygiene seriously and mostly uses fresh products."
reddit,mixed,r/mumbai,1mmkww0,Weshall50,10,2025-08-10 20:36:58,"Need food hacks
Surviving for food in this city is either you being (healthy + expensive) or (cheap and health issues). Need some hacks from yall to sort the food situation. Zomato/swiggy aint doing it for me."
reddit,mixed,r/mumbai,1mk25ia,ShivangiNN,0,2025-08-07 20:20:51,"Reviews for - Gallops, Fountain Sizzlers (Flora Fountain), Bastian, Pizza By The Bay
Folks who have tried these restaurants can you please leave honest reviews in the comments. 

I have read some negative reviews about them on Zomato so just wanted to check the pulse. I have personally loved Fountain Sizzlers when I was in college and that was ages ago. So just wanted to know if this and others are still worth visiting?"
reddit,mixed,r/mumbai,1meset1,techtsp,45,2025-08-01 15:30:17,"Beware: Is this a new online delivery scam happening in Mumbai and surrounding areas?
https://preview.redd.it/k5pyjbubsdgf1.jpg?width=1078&format=pjpg&auto=webp&s=867ef19a351fdf6748e12e72f51d83d6ba3fd517

For context, last Saturday on 24th of July, I received an SMS from Shiprocket that some order has been picked up to be delivered to my address, from some seller in Thane.

I order many products online from Amazon, Flipkart, some independent sellers etc. But this specific message caught my attention because i couldn't recall placing any order in the first place. In fact I was traveling and on a family holiday and if I ordered something I would most certainly remember (all of us do, don't we?). But anyway I ignored that message thinking that must have been some kind of a mistake or a technical glitch.

Fast forward to today 1st of August, I got another message from Shiprocket that the same order was now out for deliver. So I logged in to Shiprocket app using my phone number to which I was receiving these updates, and to my surprise, there was indeed an order listed that was out for delivery through Bluedart. And within a couple of hours, a Bluedart guy came to place with a courier and said that it was a COD order for the amount of Rs 700. This was the moment I realized somebody's trying to scam me. Because my Amazon and Flipkart orders are usually pre-paid. I only order Swiggy and Zepto orders on COD because of my past experience where Swiggy, Zepto folks delay orders when they are pre-paid or give lame excuses not to deliver to my doorstep and ask me to come down in the parking or something (anyway, that's a story for another day).

The point is, ordering on COD from independent sellers who use Shiprocket is not something I normally do. So I refused to accept the delivery and the delivery guy left.

So what was this all about? Here's what I think happening and I am sure this is not happening to just me. This appears to be an elaborate, well thought-out scam.

\- First, a scammer will book Shiprocket and create a fake order. May be an empty box or something. I don't know how much Shiprocket costs but it shouldn't be too much including COD charges.

\- Shiprocket will route the order through their logistics partner (Bluedart in my case)

\- Bluedart will attempt a delivery and collect COD payment (which then goes to Shiprocket, and to the scammer).

If you ask Bluedart who is the sender, Bluedart says it was Shiprocket. This kind of protects scammer's identity so it makes perfect sense for them to book Shiprocket than to book Bluedart directly. And if you try to reach Shiprocket then IVR would tell you to connect with the seller directly. But how if the seller doesn't even exist?

In my case the seller information (on Shiprocket) included a website (which I didn't want to open - but I did) URL which did not point to any valid website. The domain wasn't connected to any website at all, Google search didn't return anything on the website either. So how exactly am I supposed to have placed an order in the first place? And even if I did, these orders require an email address, and Shiprocket generally sends email updates too. But in this case i didn't receive any email notifications too. So clearly, all scammer did was use my mobile number and address.

But how did they get that information? Now that's something to think about. While I don't blame Shiprocket, and I certainly don't blame Bluedart here, I think Shiprocket has messed things up somewhere. The database from Shiprocket is getting leaked maybe, or maybe it's from some other service altogether. I don't know for sure, but clearly our numbers and address details are getting leaked by ""someone"" (seller, logistics) - but who?

If you accept the order, you will pay COD, it will then go to scammer. So scammer has a clear profit margin, the amount he receives is at least 3x of what he must have paid Shiprocket. If you don't accept the order, the scammer faces losses. But I think they are taking chances nonetheless. Out of 10, even if 7 take the bait, they win. And that's what seems to be happening.

Whatever the case may be, please be careful. DON'T ACCEPT ANY DELIVERY YOU DIDN'T ORDER (COD OR OTHERWISE). What do you think about this? Have you faced anything like this?"
reddit,mixed,r/mumbai,1mbpydp,eyulta,127,2025-07-29 01:03:44,"Faking Zomato Reviews
Was checking out this new place The Ranch in Bandra on Zomato. Looked good at first but the reviews felt way too perfect. All five stars, and every one written in this polished, robotic tone.

One said

>

Like seriously, who fuckin talks like that? Every review was from a first time user with no history. And somehow they have glowing reviews for every single item on the menu, even things like coke and sriracha dip, all in that same overenthusiastic, AI-sounding style.

This is not just a few fake reviews. There are easily hundreds. No way this was done manually right? Has to be automated somehow, right? Worst is Zomato has no way to stop it.

Honestly disappointing. I used to think Zomato reviews were still not as fudged but clearly mistaken now."
reddit,mixed,r/mumbai,1map2iw,bitch_please78,0,2025-07-27 20:55:58,"Food Adulteration + Religious Disrespect — @swiggy_in
Hi everyone,

I want to share something disturbing that happened to me and a friend on Friday (in Kurla, Mumbai) while ordering food via Swiggy.

I ordered from a restaurant using Swiggy. Since it was the first day of Shravan, I ordered a veg grilled sandwich for myself and a chicken shawarma for my friend. The order took around 1 hour — which was fine.

But when we opened the parcel: •	I had received a chicken sandwich instead of veg. Unfortunately, I had already taken a bite before realizing it was non-veg — which really disturbed me because I strictly avoid non-veg during Shravan. •	A few minutes later, my friend called to say he found a plastic bead-like object in his shawarma. At first, he thought it was a chicken bone, but when he dropped it on a plate, it made a sound and we realized it was actually plastic.

I contacted Swiggy support immediately. They refunded the amount, but when I explained that this wasn’t just about money — it involved religious sensitivity and serious food safety concerns — they brushed it off and tried to offer me a ₹100 coupon.

Even worse, when I said I wanted action taken against the restaurant, the support rep told me to wait 10–12 hours, then abruptly ended the chat, leaving the issue unresolved. I’ve also emailed Swiggy, but their responses have been generic and dismissive so far.

I’m sharing this here because: 1.	This is not just a refund issue — it’s about respect for religious practices and basic food safety. 2.	My friend could’ve seriously choked or been injured. 3.	Companies like Swiggy need to be held accountable beyond just “we’ll refund you, now go away.”

I’m not looking to defame anyone — but I do believe people should be aware. And I hope @swiggy_in sees this and takes real action.

Please upshare this, so this goes to right parties."
reddit,mixed,r/hyderabad,1n1h7y0,katnisseve008,6,2025-08-27 19:05:06,"A appreciation post to my Hyderabadi boy.
I love my Hyderabadi boy a lot and extra grateful for this love.

So this is a appreciation post for my lover. I don't express love to him much so doing through reddit. 
 
He cares and pampers so much that sometimes I feel that I am overspoiled. 
He gives me flowers just because he couldn't text or pick my call at night. One day i had called him in the night but he was asleep so he couldn't pick it up (it was a important call). So the next day he sent me roses as a gesture that he is sorry.

I was having a bad day, so he ordered beautiful sunflowers through fnp. He will swiggy me fries and waffles when I am having periods. 

He has a busy schedule but he still makes time for me. He will wake up early in the morning to just hear me rant despite him having to leave office early. 
He puts in efforts for me so much that I am so grateful for his presence. 

He will travel from Hyderabad to my city once in a month despite having busy work and financial crunch. One day he got a extra day off he came to my city travelling in general coach just to spend time with me for few hours. He dislikes train travellings especially general coach still he manages all this only to spend time with me.

I just want this boy to be happy with or without me."
reddit,mixed,r/hyderabad,1n0y1yk,Spiritual-Tower-4988,1,2025-08-27 02:41:47,"Anyone up for dinner @ ITC Kohenur?
Hey. I'm in Tellapur area. Hungry asf. No Swiggy/Zomato delivery because of rain. I could eat a horse rn!  
I've heard ITC Kohenur buffet is open all night. So if anyone's up for it? hit me up, lets do this!!!"
reddit,mixed,r/hyderabad,1n035yo,YouConfident1936,39,2025-08-26 02:54:28,"Let’s talk about the real scam behind Swiggy & Zomato 🚨
I recently had a bad experience with Swiggy — ordered food at 1:30 AM, only to be told after almost an hour that the restaurant didn’t even have the items. By then, all other places were closed.

All I got was a refund + ₹40 “compensation.” That doesn’t fix hunger, doesn’t fix lost time, and doesn’t hold anyone accountable.

But this isn’t just about one order.
Food delivery apps have become a scam disguised as convenience:

Inflated prices compared to dine-in

Platform fees, packaging charges, surge pricing

Refunds of ₹20–₹40 for late/cold/missing/inedible food

Bots + keyword-trained support, no real accountability

Restaurants forced to hike prices because of 25–35% commissions

Delivery partners underpaid, penalized, and pushed to unsafe driving


The so-called “convenience” ends up being more inconvenience.

👉 I think it’s time we share our experiences and hold these apps accountable.
I’ve started posting on X with hashtags #SwiggyScam #ZomatoScam #FoodDelivery #ConsumerRights and I invite everyone here to do the same.

We can also use a custom hashtag to unite stories:
#HungryBecauseOfSwiggy or #DeliveryScamIndia (open to suggestions).

If enough of us share, maybe we can actually get these hashtags trending and force them to fix their broken systems.

So — what’s the worst experience you’ve had with Swiggy/Zomato? Drop it here, and if you’re posting on X, use the hashtags so we can amplify each other."
reddit,mixed,r/hyderabad,1mzs92y,aryatejarr,168,2025-08-25 20:08:30,"Are Hyderabad's white-collar jobs walking into a 2030 apocalypse? (IT + others)
People around me still believe white-collar jobs = safe, guaranteed future. IT especially gets flexed as untouchable. But when you zoom out, there are multiple storm clouds gathering  not just AI.
Look around Hitech City, Gachibowli, and all the glass towers  they were built on IT salaries paid in dollars and euros.

For 20+ years, Hyderabad’s economy has thrived on what I call “burger money”:

A $10 burger lunch in the US became ₹800 here.

Dollar risk  : The U.S. dollar isn’t vanishing tomorrow, but de-dollarization and currency diversification are already happening. If the dollar loses some dominance, India’s IT hubs won’t get the same easy inflow of strong foreign money.

Multipolar world : Outsourcing was built on Western money. If trade shifts to local currencies (BRICS+, Gulf, Asia), salaries will benchmark lower. A U.S. client paying in dollars buys you 40 LPA, but a Russian or Brazilian client paying in weaker currency may give you “8 LPA” for the same work.(Dollar devaluation : as trust erodes, the 15-burger” pay scales will shrink.,)

AI factor : Routine IT work (coding, testing, maintenance) is the first to go. Same with finance/admin roles that are rules-driven. AI will replace the grunt work, and suddenly mid-level jobs don’t look so safe.

Ai imact : 
IT jobs : Routine coding, testing, maintenance? AI copilots are already better and cheaper. Outsourcing contracts are shrinking as multipolar economies move away from paying inflated dollar salaries. Job hopping for higher packages is becoming musical chairs on a sinking ship.

Other white-collar jobs : Take Chartered Accountants as one example. Their syllabus is vast, sure, but 90% end up in routine audit/taxation work. That’s exactly the kind of work AI can automate. Unless you’re in the niche 5–10% (forensic finance, litigation, corporate advisory), you’re basically a compliance clerk waiting to be replaced.



That inflates salaries for IT and other white-collar jobs way above local standards.

Whole ecosystems malls, Swiggy, Uber, Starbucks, gated apartments  depend on those inflated incomes.

Ripple effect : If IT and white-collar salaries drop, the rest of the economy feels it:

Real estate : EMIs default, housing demand falls.

Retail : fewer cars, iPhones, premium goods sold.

Manufacturing : short-term slump because consumption weakens.

Services : education, healthcare, travel all squeezed.



Short-term: turbulence and layoffs.
Long-term: India will rebalance toward Tier 2/3 cities, domestic consumer markets, defence, energy, fintech, biotech, etc. But the outsourcing-driven golden era of IT/white-collar jobs won’t come back.

Yet families still flex “IT groom” or “CA son-in-law” like these are bulletproof careers. In reality, they’re first in line for the shocks from AI + multipolarity + dollar shifts.

Burger salaries built Hitech City’s/Gachibowli towers. But by 2030, don’t be surprised if they shrink into Mirchi bajji salaries.

Am I overthinking this, or are we really heading for a 2030 white-collar reset in Hyderabad?"
reddit,mixed,r/hyderabad,1mynhmz,MysteriousYam8754,0,2025-08-24 11:11:09,"Planning to launch a startup in hyderabad. need your feedback
Hi everyone,

I'm planning to launch a new service in Hyderabad called RailCab 🚖, designed only for railway passengers.

 The idea: When you book your train ticket, you’ll also be able to book a cab, hotel stay, food delivery, or travel accessories in the same go. No juggling between apps.

We know there are already apps like Uber/Ola (for cabs), MakeMyTrip/Goibibo (for hotels), Ixigo (for train discovery) etc. But here’s how RailCab is different:

🚖 Unlike Uber/Ola : We don’t just send you a cab anytime. We guarantee a cab exactly aligned with your train’s arrival/departure (no cancellations, no hunting for rides at midnight).

🏨 Unlike MMT/Goibibo: Our hotel options are tied to your journey, e.g., near the station or your destination city, so it’s part of one seamless trip plan.

🍴 Unlike Swiggy/Zomato: We deliver food to your train seat or make sure it’s waiting at the station when you arrive.

🎒 Travel accessories (power banks, chargers, earphones and other electronics gadgets) available with your booking – something most apps don’t think about.

🔗 One platform, one booking : Instead of switching between 4–5 apps, you handle cabs, hotels, food, and accessories while booking your train ticket.

We’re piloting this in Hyderabad first (Secunderabad, Nampally, Kacheguda stations) and would love to hear your thoughts:

Do you face problems finding cabs, hotels, or food during train travel?

Would this “all-in-one, railway-focused” model actually help you?

any suggestions on additional features that can be added to make it more useful for Hyderabadis?

We’re building RailCab to make train journeys stress-free, and your feedback will really help us shape it better. 🙏"
reddit,mixed,r/hyderabad,1my4gfw,AdPrize3997,1,2025-08-23 21:00:08,"Pav bhaji on kondapur side?
Swiggy order ivvali, suggest pls 🥺"
reddit,mixed,r/hyderabad,1mxtdv6,stvrveys,9,2025-08-23 11:18:49,"I hate that AI Chatbot service on swiggy and zomato
So few days ago i have ordered food from near by restaurant which is almost 10-15 mins away from my home and it was 8:30pm almost cs no one are available at home to go and it was sunday so far. At first it showed 20-30 mins while placing. It was more than half n hr and i didnt receive the order yet so i thought of cancelling but ai chatbot didnt cancel it. I received that order almost at 10pm despite requesting a lot to cancel the order and no customer support was initiated as it said ""they are busy right now"", like everyone has the same ai chatbot so how come they are busy and doesnt help resolve our issue? Even the same happened yesterday on zomato when i placed order for ice cream. It kept on saying food wastage etc.. when it is not even prepared food (magnum). Tbh i am so annoyed and dont want to place any order online again (the food should be atleast good when it was delivered lately but nahh it was so salty despite food instructions were provided)"
reddit,mixed,r/hyderabad,1mx5q4u,Green_AtoM,1,2025-08-22 18:24:17,"Want to Start delivery job(zepto,Swiggy Instamart)
I am (25m) doing job at a company but only earns like 15-16k just recently joined and my family had some debt(3 lakhs) and I'm the only one who provides for the family(I don't have father, brother works in a road side tiffin center as a waiter) at home which is warangal(7k rent) and my hostel rent here(6.5k) all my money goes through 🥹. Now i want to earn money by doing zepto or Instamart but I don't have any vehicle with me do. All I have is a bicycle and I tried doing zepto for a day like trial how will it be how it works and it is hella of work to do on a bicycle. But I can't do much i have to give my 200% here to provide. Can anyone give suggestions or help me with an idea how to earn."
reddit,mixed,r/hyderabad,1mwfe3n,muddy_trail_s,71,2025-08-21 21:42:34,"Swiggy Instamart's marketing team might need a coffee break. They crossed out a lower price for a higher one on my benefits page.
 ​Hey everyone,
​I was just checking my Swiggy One benefits, and I've got to give their marketing team points for originality. Under the Instamart section for the ""No surge fee"" perk, it says ""No surge fee for orders above ₹199 ₹399"".
​Now, I'm no expert, but I was always taught that you cross out the bigger number to show a discount. It's like my grocery store saying, ""Apples were ₹50, now they're ₹30!""
​But Swiggy is doing the opposite. They're telling me my ""free"" delivery threshold went from ₹199... to a whopping ₹399! It's like they're giving us a ""dis-count"" instead of a discount. A count up.
​Maybe they're just getting us ready for the future where all discounts are just price hikes in clever disguises. Either way, this gave me a good laugh. Has anyone else spotted this little masterpiece of marketing?"
reddit,mixed,r/hyderabad,1mwblrj,Tap-for-more-info,31,2025-08-21 19:24:51,"Can anyone match my daridram?? 😁
I was just thinking out of boredom about the opportunities I missed in the past, and I was surprised to remember how many chances I had but never seized. I ended up wasting every single one, whether due to the situation or my mindset. 😁

Here are just a couple of opportunities, out of many, that I missed😏

I missed the chance to be a core member of Swiggy, BigBasket, and Whiteboard Junior. Back in 2011-2013, the founders of these platforms approached me for critical roles and offered me to work as an advisory consultant without pay. They were willing to offer shares instead, but I declined because I wasn’t sure about their revenue. I wanted upfront cash and didn’t want shares. And now, we all know where these companies are today 😬.

Inka meru match cheyagalara na ee daridrani 🤔"
reddit,mixed,r/hyderabad,1mw980p,bitsnpixel,2,2025-08-21 17:43:39,"Swiggy Order
Has anyone received a Swiggy order in a cartoon? Has they started delivering like it? 

My middle class mind went, I can order regularly and save them when I move out of this place 😀😀😉"
reddit,mixed,r/hyderabad,1mvrm6s,Either_Assistance738,8,2025-08-21 02:46:04,"Help a poor guy
Hi ,I'm 26M currently doing a job with very less income 15k where all the money goes into repaying loans for which took for sisters marriage,I'm planning to buy a second hand bike for rapido or Swiggy ,please help me out if u have any old laying at the corner dads bike ,please let me know"
reddit,mixed,r/hyderabad,1mu9jaa,_thorfin_,3,2025-08-19 10:48:27,"Night shift + Mehfil biryani = no sleep, more cravings 😭🔥

Finished my night shift and thought I’d treat myself to some Mehfil biryani in the middle of the night. Big mistake. Instead of knocking me out, now I’m wide awake AND craving more biryani 🤦‍♂️.

I stay in Parvath Nagar, Madhapur, and I’m seriously thinking of ordering again on Swiggy/Zomato. Any recommendations for a new biryani spot that’s tasty, spicy, and worth the late-night guilt trip?

Basically… I want something so good it either puts me to sleep or makes me forget I even needed it 😂."
reddit,mixed,r/hyderabad,1msqvch,marshaler,1,2025-08-17 18:55:29,"Where do I get best chicken club sandwich for order?
As title says, am craving for a chicken club sandwich, I like Roast24x7 one, anything else you guys recommend? 

Will be ordering from Zomato, in Gachibowli.."
reddit,mixed,r/hyderabad,1mrrfq5,babuVeera_240,54,2025-08-16 16:01:28,"Driving a two wheeler in this city is a death sentence!!
Hey All, I've been living in Hyderabad for the last 3 years and this is one of the worst city in terms of traffic discipline. It has some wide roads but the people riding on those roads are one of the worst.   
Today I went out on my 2 wheeler and I almost crashed at-least 2 times because the drivers in front me stopped suddenly or switched their lane suddenly. 



Although many roads have 3 lanes we can't go in the right lane because vehicles usually overspeed , the left most lane is usually occupied by parked vehicles or food stalls , we're only left with the middle lane and drivers suddenly stop in the middle without any indication. 



Accidents are most caused by:   
1) Rapido/Swiggy/Zomato etc drivers who drive on the wrong route and change lanes quickly 

2) Auto-walas who don't have any traffic sense and also stop everywhere 

3) Most RTC bus drivers 

4)Educated fools with shit traffic sense 

5)People who feel like they own the road or place (you'll find people like this in old city mostly)"
reddit,mixed,r/hyderabad,1mrplt9,04_09_2k3,1,2025-08-16 14:20:28,"Tea
Whats the best tasting tea that I can order from zomato/swiggy."
reddit,mixed,r/hyderabad,1mpa9w9,PlanB_NotThere,2,2025-08-13 22:38:56,"GST 🤯
On what basis 110rs charged as GST for a 595rs cake??

Considered as luxury food? 20%??"
reddit,mixed,r/hyderabad,1mmqvq0,checkmate1708,0,2025-08-11 00:29:13,"Swiggy instamart sucks
Ordered at 11:30PM and it’s 12:25AM now, why claim for quick deliveries when cannot deliver on time, I’m being told that there are no delivery partners available at the moment. Are they working with a single guy? When raised an issue they offer coupon code that can be used at the next order. We were waiting for the items to get delivered to have our dinner and my son has high body temperature. Please help out!!! I’m not cancelling this order for a refund, it should be justified."
reddit,mixed,r/hyderabad,1mmfp9i,Samachar18,2,2025-08-10 16:32:40,"Zomato Rider, Seeks Help After Bike and Phone Damaged in Hyderabad Flooded Drain Accident."
reddit,mixed,r/hyderabad,1mlsw71,Specific_Panda1127,5,2025-08-09 21:28:08,"How to use Swiggy Dinecash?
How much amount can an I redeem at the final bill?"
reddit,mixed,r/hyderabad,1mln79s,gawred,2,2025-08-09 17:01:19,"Swiggy Diggy Wiggy
Had my Swiggy dinner taken from me last night. Delivery partners did not deliver it and cancelled the order and Swiggy refuses to refund or provide a credit. 

How often does this happen guys?"
reddit,mixed,r/hyderabad,1mlkrf2,Glittering-Score-293,0,2025-08-09 14:21:56,"Is this how delivery guys think about customers
I stay in a hi-rise community in Financial district. Just happened to scroll through Instagram reels and saw one by some delivery guy. Apparently he was pissed by a security about parking his vehicle in No parking area. He recorded his sob story with some sad music. 

What irked me is the comments on that video. Probably fellow swiggy delivery guys. They are posting vulgar comments on customers calling them lazy, bitches, rape intentions, job theft. 

Do these people really think about us in such a way. They exist because of us.  They don’t even know the hardships we went. 

Just scared to let the delivery guys enter there premises."
reddit,mixed,r/hyderabad,1mkpnvl,Infamous-Owl9791,2,2025-08-08 13:55:09,"Fellow Hyderabadis - Do you also get stuck choosing what to order on Swiggy/Zomato?
**Quick question for everyone:** How long do you usually spend browsing through Swiggy/Zomato before actually ordering something?

I'm asking because I'm working on an idea to solve this exact problem and want to know if other people in Hyderabad face this too.

# The Problem I'm Trying to Solve

You know that feeling when you open Swiggy, see 50+ restaurants in areas like Gachibowli or Banjara Hills, each with massive menus, and somehow you still can't decide what you want? You scroll through Paradise, Mehfil, Cafe Bahar, Shah Ghouse... and 20 minutes later you're still staring at your phone.

# My Solution: A ""Tinder for Food"" App

Here's what I'm building:

* **Simple swiping:** See one dish at a time with a great photo
* **Swipe left:** Not interested
* **Swipe right:** Want this!
* **Algorithm learns:** Gets smarter about your taste (loves biryani? prefers Irani chai over filter coffee?)
* **Quick ordering:** Either instant checkout or build a cart

Think about it - instead of browsing through Paradise's 47 biryani variations, you just see ""Hyderabadi Mutton Dum Biryani"" with a beautiful photo. Swipe right if you want it, left if you don't.

# Why Hyderabad First?

Starting with Hyderabad because:

* High food delivery usage (especially in IT areas)
* Great food culture but also decision paralysis
* Mix of traditional spots (Charminar area) and modern restaurants (Hitec City)
* Perfect test market for the concept

# What I Need From You

**Honest feedback:**

* Do you actually face this ""decision fatigue"" problem?
* Would you try an app like this?
* What areas would you want covered first? (Gachibowli, Kondapur, Banjara Hills, etc.)
* Any Hyderabad-specific food ordering habits I should know about?

**Quick poll in comments:**

* How often do you spend 10+ minutes just deciding what to order?
* What's your go-to when you can't decide? (Always order the same thing? Close the app? Ask family?)

# Restaurant Folks

If you run a restaurant in Hyderabad - would you be interested in an AI tool that takes your dish photo and automatically creates the menu description? Trying to make it easier for restaurants too.

Really appreciate any thoughts! Planning to start with a small pilot in one area if there's enough interest.

**TL;DR:** Building Tinder-style food app to solve menu decision paralysis. Does this problem exist for you Hyderabadis or am I overthinking it?"
reddit,mixed,r/hyderabad,1mjz696,FluffyEats,1,2025-08-07 18:18:38,"Marketing & Promotions
We are looking for people to promote our new food outlet sales online on swiggy, comission payout will be based on order value.

Interested ones can dm!"
reddit,mixed,r/hyderabad,1mjr39e,Enough_Technology_95,14,2025-08-07 10:27:10,"Got this from Swiggy instamart
Got this ₹2100 Kalyan Jewellers voucher. Has someone used it ? Is it real ?"
reddit,mixed,r/hyderabad,1miz228,Brilliant-Risk827,1,2025-08-06 13:55:11,"Hi everyone! As some of you know, we just started our cloud kitchen and today is Day 4
We’re slowly building our menu, and to avoid food waste in the beginning, we’ve decided to start with a few **rice-based items**. We're being mindful about costs like:

* Swiggy/Zomato commission (28% + GST)
* Packing expenses
* Basic promotion/marketing costs

Here are the **final prices we're thinking of** 👇  
We’d love your thoughts – **are these reasonable? Too high/too low? What would you pay?**

|Item|Price (₹)|
|:-|:-|
|Jeera Rice|89|
|Tomato Rice|89|
|Double Egg Fried Rice (Homestyle)|89|
|Egg Fried Rice|79|
|Corn Rice|95|
|Ghee Kaju Rice|120|
|Chicken Fry + Rice|159|
|Chicken Curry + Rice|159|
|Kaju Chicken Fry + Rice|179|

We’d truly appreciate your **feedback or suggestions** – this helps us grow and serve better ❤️

**Let me know – will these prices work?**"
reddit,mixed,r/hyderabad,1mhgytl,Rajking777,5,2025-08-04 21:13:34,"FK Swiggy ! I Deleted account permently, Do it also if you frustrated with delayed orders


Swiggy Disappoints Again: 2-Hour Wait Ends in Silent Cancellation

In an age where convenience is just a tap away, food delivery apps like Swiggy have become essential for millions across India. They promise ease, speed, and reliability—but what happens when they fail, repeatedly, and without accountability?

Recently, I had an experience that not only left me hungry but also deeply disappointed with the level of service and disregard for customers that Swiggy displayed.

The Experience: A 2-Hour Wait for... Nothing

It all began with a simple order—nothing fancy, just a regular meal from a nearby restaurant. Placed the order on Swiggy and received the usual confirmation. Estimated delivery time: 45 minutes. Reasonable. I waited patiently.

An hour passed. Then another. No update. No delay notification. No message from the delivery partner or Swiggy support.

After two long hours, I finally decided to call Swiggy support myself. And that’s when the real shock came: the order had been canceled. No explanation. No refund initiated yet. No apology unless asked for. And worst of all, no notification—if I hadn't called, I would still be waiting.

Lack of Transparency and Communication

What’s most frustrating about this ordeal isn’t just the delay. It’s the complete breakdown in communication. Swiggy, a platform that boasts real-time tracking, instant chat support, and “quick resolutions,” failed on all fronts:

No automatic cancellation message

No real-time update or apology

No proactive refund initiation

No compensation for time lost


This isn’t just poor service—it’s negligent.

A Pattern of Failures

Sadly, this isn’t an isolated incident. Scroll through social media platforms like X (formerly Twitter), Reddit, or Instagram, and you’ll see thousands of users with similar complaints. Stories of hour-long waits, cold food, missing items, delayed refunds, or support chats that go nowhere.

Many have even noted that customer support often uses template responses with no real resolution offered—clearly indicating a shift from customer care to damage control.

Where is the Accountability?

Swiggy’s business model depends on the trust of customers and the cooperation of restaurant partners. But it seems they’re more focused on aggressive marketing and expansion than fixing the cracks in their system. When a company as large as Swiggy fails to deliver on the very basic premise of their service—food delivery—it raises questions about priorities.

Why was the order delayed for 2 hours before being canceled? Why wasn’t the customer informed? Why is the burden on the customer to follow up?

These questions deserve answers—not from a chatbot, but from leadership.

What Needs to Change

If Swiggy wants to retain trust, they need to:

1. Strengthen communication channels – Auto-alert customers about delays or cancellations before they need to ask.


2. Improve customer support – Humanize the chat and call experience; avoid robotic, copy-paste replies.


3. Offer timely refunds and compensation – Refunds should not take days, and customers deserve compensation for time wasted.


4. Hold restaurant/delivery partners accountable – Delays and cancellations should come with consequences, not just for customers.


5. Publish real-time transparency dashboards – Show order fulfillment data, average delivery times, and issue resolution rates publicly.



Final Thoughts

A food delivery app isn’t just about convenience—it’s about reliability, respect for time, and trust. Swiggy has clearly failed to uphold that trust in this instance and many others. As a paying customer, being ignored or misled is unacceptable. If they don’t fix these persistent issues, the market will find alternatives that do.

Until then, many of us are left asking: Is Swiggy still worth the risk?"
reddit,mixed,r/hyderabad,1mgaby8,freestyle_man,3,2025-08-03 10:02:36,"Best veg restaurant near Nacharam
Hi Guys, need to take my parents & some relatives to a good veg restaurant in Nacharam area. I’m from kondapur so i don’t know that area well and reviews in Zomato and Swiggy are not believable these days. Please suggest if any one of you have any daily’s.
Cuisine is ok we can manage, any cuisine is fine as long as the restaurant and taste is decent.
Thanks in advance."
reddit,mixed,r/hyderabad,1mftety,Brilliant-Risk827,3,2025-08-02 21:01:46,"Cloud Kitchen Update – Part 6 | Magicpin Registration Details and My Experience
Hey everyone! I tried registering my cloud kitchen with **Magicpin**, and honestly — compared to Swiggy and Zomato, it felt a bit like a scam in terms of how they structure visibility and promotions.

Starting with **Magic9**, which is their visibility-boosting plan — this part literally feels not worth it. But you’re still expected to enroll in it if you want visibility. One of the most surprising parts is that they ask you to list a product for just **₹9** as part of the campaign, which I personally think makes no business sense.

**Magic9 Promotion Plan details:**

* Campaign charges: ₹3540 (for 30 days or 100 orders, whichever is earlier)
* Upfront amount: ₹1770
* Hold amount: ₹1770 (deducted and settled from future earnings)
* Item eligibility: Only items priced between ₹70 and ₹200
* You must have at least 3 items with clear high-definition pictures
* You’re required to keep one product at ₹9 as part of this offer

**Commission & Charges (apart from Magic9):**

* Commission: 12% per order
* Distance charge: ₹14 per kilometer
* Total deduction cap: Maximum 30%, inclusive of all charges
* MFP (Magic Featured Product): 40% up to ₹80

Let me know if you’ve already tried Magicpin and had similar or different experiences. I’m still in the early phase and just exploring what’s practical and what’s not.

If you’re planning to register or need any help understanding the setup process, feel free to reach out here or on Instagram. Happy to help if I can.

Instagram: [@inkentiviseshalu](https://www.instagram.com/inkentiviseshalu/)"
reddit,mixed,r/hyderabad,1mfnvo6,moodylemonade,8,2025-08-02 16:37:05,"Zomato in steel business
Found this at Sanathnagar Agromech steel market..."
reddit,mixed,r/hyderabad,1mf7ped,Legal_Owl_6663,2,2025-08-02 02:13:15,"Hot Wheels Help
Hey guys, I’ve been trying to find the Hot Wheels Petronas car on Swiggy Instamart for months, but it’s always sold out in all the locations I check. If you spot it available in your area, please let me know the locality so I can order it and add it to my collection. Thanks a lot!"
reddit,mixed,r/hyderabad,1mf494f,silentintrovert95,2,2025-08-01 23:57:52,"Wendy's in Hyderabad
I recently found that Wendy's is there in Hyderabad, my sister says its acting just like a cloud kitchen , if so does it allow takeaway or is it just limited to Swiggy/Zomato like aggregators"
reddit,mixed,r/hyderabad,1mer0yu,Brilliant-Risk827,10,2025-08-01 14:01:54,"Cloud Kitchen Update – Part 5 🍽️ | Zomato & Swiggy Registration Info for Beginners
https://preview.redd.it/sk3gesctcdgf1.jpg?width=573&format=pjpg&auto=webp&s=0836fe4750caefdf42a1ad292a0f637a604f3bed

https://preview.redd.it/l99eh3ftcdgf1.jpg?width=573&format=pjpg&auto=webp&s=b9a93052230d2dd89772aec0276dcc717945c729

A few people messaged me earlier asking how to register on **Zomato** for cloud kitchens, so here’s a quick breakdown based on my experience:

✅ **Zomato – Documents Required**:

* FSSAI Certificate
* Aadhaar Card
* PAN Card

💰 **Zomato Charges**:

* ₹1799 registration fee
* No need to pay upfront — it's deducted from your payouts in **5 parts**

📊 **Zomato Commission**:

* **23% + GST** for the **first 30 days**
* Then **28% + GST** after that

✅ **Swiggy – Process is very similar**

* **Same ₹1799 registration charge**, but in Swiggy you need to **pay half upfront**, and the rest is deducted later
* **Commission structure is similar**, but details may vary based on your area and plan

In case you have any doubts, feel free to **reach out here or on Instagram** — happy to help!  
I also share my **cloud kitchen journey, food experiments, and photography stories** there.

📸 Instagram: [u/inkentiviseshalu](https://www.instagram.com/inkentiviseshalu/)

Let’s grow together 🙌"
reddit,mixed,r/hyderabad,1mdi1wx,mayyur17,115,2025-07-31 02:18:15,"Tried another Expensive Pizza after suggestions from this sub and I get it now
Sourdough pizzas are supposedly healthier base with no maida and can be eaten dialy like Europeans and it takes days to get fermented, hence the higher price. The cheeses these pizza joints use are higher quality instead of cheap mayo mixed cheeses Dominos/La Pinoz/ Pizza Hut use. So it's healthier, tastier and expensive. Here's brief reviews. 

1. Pompeii - Spicy Veg Piccante 12 inch 
    
Spicy, delicious, adding chilli oil & garlic oil they offered added extra layer of taste. 

780/-  4.5/5

2. Enso - Korean peri peri Mushroom 12 inch 

The korean sauces gave a unique flavour that I never tasted before. Mushrooms are perfectly cooked and the base texture is so good. 

440/- including a late night offer on Zomato.  5/5. 

Even though these are expensive, I decided to eat this once/twice a month than eat from Dominos/Pizza Hut every week."
reddit,mixed,r/hyderabad,1mboye4,zaaayxn,1,2025-07-29 00:26:48,"Tired of Overpriced Berries? I’m Bringing Top-Quality Cherries & Blueberries Direct to Your Door in Hyderabad
Hey Hyderabad, I’ve got something truly special for fruit lovers! 🍒🫐

I recently got hold of a limited stock of imported cherries and blueberries — these are premium quality, juicy, sweet, and fresh — and honestly, you won’t find this kind of quality anywhere in Hyderabad, not even on Swiggy, Blinkit, or Zepto. I’m talking top-grade, restaurant-level fruit.

I’m not a big retailer or brand. I’m just someone who came across an incredible opportunity to source these fruits directly and I want to cut out middlemen and sell directly to real fruit lovers, especially in gated communities where people truly value high-quality food.

🛍️ Why These Are Worth It:
100% imported and premium grade (not local supermarket quality)
Fresher, tastier, and more affordable than what you see on grocery apps
Perfect for fruit bowls, kids’ tiffins, fitness diets, smoothies, or just snacking!
I can arrange delivery across Hyderabad (especially to gated communities)
Price is super competitive because I’m not inflating it like retail platforms
I genuinely want to build a small, trustworthy fruit supply network where you get top-notch quality at the right price — without paying crazy markup for labels.

👉 If you’re interested or know someone in your community who might be, please drop a comment or DM me.
Happy to share pics, pricing, and delivery info!

Let’s bring better fruit to our homes—without overpaying for it! 🍓💬"
reddit,mixed,r/swiggy,1n19ldz,EffectiveAny8394,70,2025-08-27 11:58:54,"Order got grouped without permission
One of the perks of Swiggy One BLCK was ""highest priority delivery""... Bc it's been one hour since I ordered, and this is their shitty ""highest priority delivery""..."
reddit,mixed,r/swiggy,1n0yur2,CardiologistGold7867,13,2025-08-27 03:13:32,"Filed a complaint against swiggy on the consumer forum portal let's see the outcome
SINCE SWIGGY DELAYED THE REFUND OF MINE DID NOT INITIATED ON THE VERY HALF AND SOMEWHAT MENTALLY HARRASSED ME ALSO PHYSICALLY HARRASSING BY THE CONTINUOUS FOLLOWUP OF THE BANK. I FINALLY DECIDED TO END THE TURMOIL."
reddit,mixed,r/swiggy,1n0vxrw,whatisaboob,53,2025-08-27 01:21:19,"Free ₹200 Swiggy cash if you’re a swiggy one member normal/lite/black any of these
So first you should have minimum 3 orders in the past to be eligible for this then
1. you can open swiggy
2. Click on profile at upper right corner
3. Then there will be a section on top written ONE
and you’ll se a arrow pointed down click on that arrow
4. There will be 2 options click on explore swiggy one
5. Then you’ll se a ONE privileges click on view all 
6. Then scroll and find join MARRIOTT BONVOY
7. After opening MARRIOTT BONVOY click redeem this offer
8. Give your Swiggy one registered mobile number and email 
9. You will get a activatation mail on your email from MARRIOTT BONVOY
10. Check your mail and Activate your account after that you will get you ₹200 swiggy cash on Swiggy money

(Note- its can take upto 15 days to get your amount credited in your wallet so be patient i got mine after 9 days)
Upvote if you find this useful"
reddit,mixed,r/swiggy,1n0sq5e,UnluckyConnection961,2,2025-08-26 23:18:49,"Where can I check said gift card in app?
I checked my Swigg money and it doesn't show anything not coupons page"
reddit,mixed,r/swiggy,1n0qo31,kratos_tgos,18,2025-08-26 22:03:29,"52rs for 0.1km , is there system broken or I am missing smt"
reddit,mixed,r/swiggy,1n0llxr,heyyyooo14,6,2025-08-26 18:47:41,"Swiggy is a joke nowadays. Dissapointing as hell
The food was bland and it was not cooked properly and i get this......"
reddit,mixed,r/swiggy,1n0l7s6,KiDDo251,340,2025-08-26 18:31:20,"The stupidest conversation i ever had, fix the f-ing UI.
Recently, a couple of delivery partner tried to scam me and just took my food and never delivered, as i used to pre pay for the food, they were able to get away for free and i had to contact support and get it sort out every time,

I was looking through the menu of Burger King deciding on what to order, added few items in my cart (was not the final order),

I decided that this time i will try to place the order on cash on delivery, so being curious, even though my cart was not final, i went to check the payment options,

Saw COD, clicked it, and boom, order placed just like that, not even got the option to click a button to place the order, unlike other payment method, who made the UI and decided that will do,

I reached out to support within a few seconds of order being placed, but what did they do, took 10-15 mins for a stupid conversation, and ended up with a full order amount as fine to be paid by me,

F*ck Swiggy."
reddit,mixed,r/swiggy,1n0gmv2,averagephonead,2,2025-08-26 14:23:20,"Refund not received on Instamart
So on 26th july i ordered  a bunch of things on instamart , we were very hungry and it said the stuff will be deliverered in 15 minutes and the delivery guy came up with some random other things eg vegetable oil and stuff . i said its not what i ordered and he said that was by mistake and he cancelled the order . I already paid my money on ordering . so the order was cancelled and i got the RRN. i waited for a week but the refund was never credited . i called my bank and they said they cant trace the transaction , bank raised a ticket twice . i called swiggy many times , they raised a ticket as well . 5 days ago i called them again and explained everthing , they're saying they have refunded the amt and idk what to do"
reddit,mixed,r/swiggy,1n0g1ik,the_milf_lover_,0,2025-08-26 13:43:22,"Received stake food from burger king
Received stale french fries from burger king. Has infused something like fungus and has blue colour. Tastes like it was made last night. Got no response from Swiggy. 

How can I file consumer complaint online in a easy way."
reddit,mixed,r/swiggy,1n0f7i3,just_a_shy_girl_,8,2025-08-26 12:48:25,"Swiggy refusing to refund a completely damaged meal
I had ordered some pastries and prepaid them. During delivery, as it was raining and the road was dark the delivery partner had a small accident and my order was completely destroyed as you can see, soaked in dirty puddle water and trampled (the partner was not at fault, it was an accident). When I reached out to Swiggy for a refund they offered me a ₹31 voucher?!? As if I'm going to order from them again. I raised a ticket on the app, emailed them 3 times along with pictures, and the result is the same. I'm a Swiggy one member as well! They're straight up scamming people."
reddit,mixed,r/swiggy,1mzxtf6,Light070,7,2025-08-25 23:32:01,"How can I claim these discounts: Swiggy one 11% off and 20rs cashback?
I recently started ordering food online and also bought membership under an offer but I barely see any benefit of it although it shows 11% off but price is same as before membership. Also what's this new Cashback of 20rs. Where and how do I claim these."
reddit,mixed,r/swiggy,1mzt9yc,Ecstatic_Option_5421,14,2025-08-25 20:46:28,"Ordered rice from Instamart and smells bad
As title, ordered Sona Masoori rice from Instamart. It smells so bad, even after washing many times it still stinks.

Tried to make a complaint on app, just after my message conversation is marked close. Mailed to their support, but just got a generic regret mail. I put a follow-up reply on this but none of this seems to resolve the issue. What can I do here?

It's a 5KG rice bag and I feel worse for ordering. I never order fruits and veggies on Swiggy. Should add rice to this list of not to order from Swiggy."
reddit,mixed,r/swiggy,1mzkxt9,AlfazonStocks,1,2025-08-25 14:00:44,"Delivery Guy Fraud, want my money back
I had placed an order worth on Swiggy for my elderly parents. However, shortly after placing the order, the delivery partner called me and requested that I cancel the order as his vehicle had broken down. Out of no choice, I cancelled the order, wherein I have been charged the cancellation fee only to find that I was unfairly charged the cancellation fee.

Later on when I contacted with the restaurant owner he told me that the delivery guy has already took your order.

When I mailed to swiggy team, they communicated that as per policy we cannot remove cancellation fee.

Please note, I already have call recordings with the delivery guy, which I have shared with Swiggy supprt.

Need suggestions

Update - Escalated the matter and got the refund !!"
reddit,mixed,r/swiggy,1mzk8mt,Chickenpulaav,240,2025-08-25 13:14:29,"Swiggy is straight up stealing from customers
I ordered milk from swiggy and they had to cancel the order. The product was worth rupees 83 and they refunded only 53. Upon raising, i got no resolution at all and they simply closed the conversation and now i cant raise it again. What do i do here? I know 30 rupees is not a big deal at all and i dont care but this truly is stealing from customers in plain sight and is actually penalty worthy."
reddit,mixed,r/swiggy,1mz59e9,Affectionate-Pear115,12,2025-08-25 01:09:35,"Kya order lane me 1.3 hour lagte he kya 5 km se. And fir 2 ghate wait krne k baad order cancel bhi ho jata hai ????
I have made an order in 11 night and the order has been cancelled not even delivered on 1 oclock night what a lovely surprise and service you are providing swiggy. Should i go to consumer care for this yes for sure? 

what is this service and customer satisfaction you are providing even your agents are suggesting after cancellation that order again you just need to wait 30 more minutes we cant do anything about it. What a wonderfull service i am flattered no no i am flabbergasted."
reddit,mixed,r/swiggy,1myy6fb,Ambitious-Low7284,0,2025-08-24 20:42:58,"Swiggy Dineout is turning into a SC@M – now charging GST on convenience fees??
I’m honestly DONE with Swiggy Dineout. I used to love the app for easy restaurant bookings and some decent discounts. But now? It’s just a money-sucking scam with no accountability.

First, they sneak in these “convenience fees” when you go to pay at the restaurant using Dineout Pay. Mind you, you're literally paying the restaurant bill, not ordering delivery or using any special service. Why are we being charged a convenience fee just to pay our bill??

And now the latest?
They are charging GST on the convenience fee.
Let that sink in. I paid ₹8.48 as a “convenience fee” and then got slapped with another ₹1.52 GST on top of that. What the hell am I even paying for??
It’s not even about the amount. It’s the fact that this entire model is built around tricking the user into thinking they're getting a deal, when they’re just being nickel-and-dimed at every step. You go to a restaurant, eat there, use your own time, your own transport, and then get charged extra just for paying via Swiggy??

How is this allowed?? Who regulates this nonsense? I get that businesses need to make money, but this is not transparency — this is plain shady.
Swiggy, if you're reading this:
Stop hiding behind your flashy UI and fake “discounts.” We see through the BS now. This isn’t convenience — it’s exploitation.

Anyone else facing the same crap lately? Let’s call this out."
reddit,mixed,r/swiggy,1myx0dw,NoBumblebee2537,935,2025-08-24 19:57:21,"Ordered the big dominos pizza and shiz arrived...
Helpline mei kiya toh bole COD orders are handled by dominos."
reddit,mixed,r/swiggy,1myszgk,Pick-_-Username,87,2025-08-24 16:50:03,"Fake weather report on swiggy?
I ordered some stuff on instamart and this is what they were showing on the app. 
The order arrived late as usual and what do they get by lying blatantly?

Image 2 was the current weather outside."
reddit,mixed,r/swiggy,1mypsz5,DowntownMall4893,25,2025-08-24 13:34:41,"Can anyone help , not getting orders
Its a high order area and I've been doing this for 2 days , in 4 hours i didn't make a single order"
reddit,mixed,r/swiggy,1myol29,raunaqmurarka,0,2025-08-24 12:17:42,Such low effort and bad copy. WHO approves and why?
reddit,mixed,r/swiggy,1myjvem,Salty-Acanthisitta-9,5,2025-08-24 07:50:30,"Are Swiggy delivery jobs worth it?
I'm a Bsc graduate and I'm changing my majors. I'm switching to English for masters, I've already published a book of mine and another is on its way. But I'm taking a drop year to study for Cuet pg as well. I used to make extra dough on chegg but that route is also closed, since AI has pretty much deleted chegg from the industry. I needed to make some money on the side to support myself in the drop year and coming. 
So for the time being is being a part time Swiggy delivery rider any good?"
reddit,mixed,r/swiggy,1mydae9,Thebigbangthe0ry,280,2025-08-24 02:46:00,"Who thought it was a good idea?
The world wante free delivery and Swiggy here is asking for an extra 29 rupees to deliver more or less at the same time as a regular delivery. I just can't wrap my head around this."
reddit,mixed,r/swiggy,1myaki2,OrdinaryGanache,7,2025-08-24 00:56:31,"50 cashback, but not applied. Fake?
I placed order and the cart value was more than 250. I didn't see it getting applied. Did I do anything wrong or its fake?

Has anyone else been able to claim it?"
reddit,mixed,r/swiggy,1my8sns,tanishbansal27,40,2025-08-23 23:46:54,"Pathetic experience and with BLCK membership
So nowadays Swiggy is scamming with their black membership I ordered at 10:27 PM from Bolt section showing around 15 to 20 minutes for delivery with membership(its usually that mich time without it from past orders) so I thought okay let me get the membership and then the order was delivered delivered at 11 09 which was after 40 minutes from being placed and double the time they promised for black membership and with countless support tickets none of the agents are able to help and not cancel cancel the order and I don’t know what scam is going on here neither did I receive my 75  coupon back nor any resolution they just close the ticket

This is the final nail in the coffin not gonna use this Swiggy anymore I had much better experience on Zomato or now Amazon now, have had pathetic experience before also.

Please save your money and dont get blck"
reddit,mixed,r/swiggy,1my73ug,Arkhamking,41,2025-08-23 22:43:07,"To hell with consumer health and safety
Had ordered two types of bread from Instamart in Pune. It turned out it was damaged / consumed partially by rats or rodents. Complaining on their customer care yields no difference apart from mere refund on the product. No damn given to consumer health or safety standards. It's even worse how the people at the store were oblivious while packing the order."
reddit,mixed,r/swiggy,1my59mr,DullFaithlessness100,2,2025-08-23 21:31:37,"Swiggy One Invite or Coupon Requested
I have the Swiggy One Lite Membership currently. I want to buy the Swiggy One membership but the option isn't coming.

Will be highly highly grateful if someone can provide an invite link or coupon code. Thanks in advance!"
reddit,mixed,r/swiggy,1my571i,Normal_Tree_8695,1,2025-08-23 21:29:02,"The Swiggy App Keeps Crashing !
Hey There, 

I'm using the Swiggy for a long time now and for the past month I've facing the below issues 

1. App crashes especially when I'm adding stuff to cart be it food or items in Instamart 
2. Extremely slow and hangs to point where my phone says app is unresponsive and prompts to close it 
3. When it's open and glitching it even makes other apps slow and glitch 

Some measures I've tried - 

1. Clearing cache and forcing stop 
2. Logging out and logging back in 
3. Uninstalling and reinstalling 

Is anyone facing similar issues? Swiggy support seems to be clueless and keeps repeating the same diagnostic steps. 

Device Details - 

Motorola Edge 40 - Android 15 - 8 GB RAM"
reddit,mixed,r/swiggy,1my0nf2,Commercial-Paper749,33,2025-08-23 18:21:50,Misleading ad of Swiggy . When i checked it there's not even any option for 100 rs
reddit,mixed,r/swiggy,1mwwksb,Ayush_kansal,224,2025-08-22 09:38:03,"299 to 799 order value for my coupon 🤣
So here it goes I Got a coupon and claimed it after successful claim it shows that your order value is 299
Also the app dialogue box shows order value 299
After going inside app it is 799 lmao"
reddit,mixed,r/swiggy,1mwot0y,FrankAztecas,15,2025-08-22 03:37:53,"Swiggy White/Blank Screen issue
Since evening, I am unable to order anything via Swiggy as it's loading a white screen when I click on the restaurant. It's interactive, but without seeing anything it's impossible to order the correct item. I am not even able to talk to a human agent. Tried reinstalling and clearing cache, still the issue persists. 

PS: Using One Plus 12"
reddit,mixed,r/swiggy,1mwn9yh,haryanvijesus,4,2025-08-22 02:36:56,"Facing same issue from last 3 days with Swiggy Hdfc after midnight!
Is this a issue or trick to promote 3rd party payment platform."
reddit,mixed,r/swiggy,1mwjcfx,mkumar118,0,2025-08-22 00:07:49,"swiggy One BLCK invites - last day
i have a few one BLCK invites left, lemme know if anyone needs one

edit: gave all away!"
reddit,mixed,r/swiggy,1mwj0iq,Pick-_-Username,21,2025-08-21 23:55:30,"Extra GST on express delivery?
Daylight robbery. Mfs added gst on express fee."
reddit,mixed,r/swiggy,1mwdb6n,Both-Parsley6208,95,2025-08-21 20:27:56,"Are dish ratings on Swiggy fake?
How does one person give a rating of ""4.2"" and how does average of two people's rating come out as ""4.1""? I thought you could only rate in whole numbers!"
reddit,mixed,r/swiggy,1mw6uo3,No-Flyzone1996,7,2025-08-21 15:40:19,"Swiggy prioritizes on deliveries than safety of their employees who has met with an accident
Came across a LinkedIn post that a delivery executive has met with an accident. The customer raised for help, instead the customer support executive viewed as a refund. Here's the link from LinkedIn. This is why we shouldn't rely on AI and we have to bring back humans, instead of cutting jobs to save more money."
reddit,mixed,r/swiggy,1mw5wdc,TapDancingDildo,520,2025-08-21 14:41:34,"Swiggy displays certain restaurants as adverts even when they are not
I searched for Aglio e olio pasta and decided to sort by rating. I was surprised that most of my favorites were not there at all. Then I realised I skipped over all the ""ads"". Those ads were genuine restaurants with high ratings.There were at least 20 restaurants that were genuine and were shown as an ad. I am pretty sure Swiggy is fucking over these restaurants by taking their advertising money and just slapping an ad sticker where they would have shown them either way."
reddit,mixed,r/swiggy,1mvrixf,General_Coyote_496,48,2025-08-21 02:42:41,"Just let me enable notifications bro no need to write to CEO
Can replace this option  with some useful shortcut instead of  this feature."
reddit,mixed,r/swiggy,1mvopy6,CardiologistGold7867,5,2025-08-21 00:59:31,"Refund not received despite continuous followup and waiting for aleast one in half week
With utter dissatisfaction and disappointment I am writing this to you my refund was initiated in the 12th of this month and I was assured that I will get the refund within 19th as the delay was happening due to some internal team issues. I very patiently waited but the refunded amount has not been credited to my account yet. Its been 19th still the amount has not been reflected. Now the executive on phone is insisting me to wait for the entire day and if not getting the said amount you must visit the bank branch to provide them the RRN number so they can assist you with that. On my spare time I went to the bank and escalated my issue they told mere RRN is not enough they have created it but not initiated the transaction it is still in progress also as I checked in the app it shows the same. 
Generally, UPI payments don't take too much time in case of refunds it is more faster than NEFT or RTGS payment method, I was told by the executive itself that there is an issue with the internal team that is why it is taking too long it will be credited by 4 to 7 days. I have been a regular customer of swiggy for a decade now and this is the first event that I am facing this issue.
So, this inconvenience has been caused by swiggy end first of all I request you to kindly aid the said issue at the earliest and provide me the refund at the time given to me.
Yesterday, I was assured to wait for 24 hours. Still the amount didn't got credited to my account. Just now I had a conversation with one of the executive of swiggy. Again the timeline got extended for another 24 hours. Is this your policies? If it is then I will make sure that I don't order anything from swiggy. 
I can only now wait for mere 24 hours if I don't get my money back I will straight way reach to consumer forum and sue these guys for damages. 
I have recordings to support my claim and the inconvenience that has been done from swiggy end it is expressed by the swiggy executives that they have created this ruckus over call."
reddit,mixed,r/swiggy,1mvgaqt,DullFaithlessness100,3,2025-08-20 19:56:09,"Swiggy One and One Lite (Existence and Invites)
Are Swiggy One and One Lite Different? 

In my application I have the option to renew One Lite only and Swiggy One is not visible. While Black is invite only, I am curious about the Swiggy One Plan (and if it exists, please provide an invite, will be grateful)

Thanks in advance!"
reddit,mixed,r/swiggy,1mvfk55,kudozztome,13,2025-08-20 19:28:18,"It was HARD to get the refund for the food I didn't even get.
So I ordered food from swiggy app, made the payment, and started waiting for my food.

After 30 mins, I started checking the app as usual and noticed that the delivery guy was not moving. For next 1 hour, the guy did not move so started enquiring about it.

I contacted in-app customer support and they said that the order has been cancelled by the restaurant and I will get the refund. But the status was still 'delivering'. I ignored it and moved on with my day (ate maggi and slept)

In the morning I checked the app and the app said that the order was actually delivered at 5 am in the morning (13 hours after ordering). So I contacted the support again but this time they didn't say anything about refund and asked me to email to get more details about it. 

I emailed two times with all the details and in the reply they denied for refund both times.

Then I started tweeting (X) about it by tagging swiggy care account. Then tweeted again the next day by tagging the swiggy ceo.

Still no reply, and then I was prepared to file a formal complaint in the national consumer forum.

Then after one more day, they reached out to me via X dm and asked for refund in the source account. 

I accepted and then I got the refund."
reddit,mixed,r/swiggy,1mvd8o8,Financial_Mail_4221,26,2025-08-20 17:50:41,🛑 Found a COCKROACH in my FreshMenu order via Swiggy in Bangalore ! Absolutely disgusted [Pics Attached]
reddit,mixed,r/swiggy,1mvb933,SamarveerPuri,437,2025-08-20 16:11:19,"Dominos has been preparing order for more than 5 hours🤠🙏
I ordered the food at 11:20AM and received it at 12PM but for some reason it isnt even updating and neither can customer care help in this. Ive reached out to them multiple times to mark order as complete but said they cant lol."
reddit,mixed,r/swiggy,1mva94y,NoSandwich9893,106,2025-08-20 15:12:25,"It's not even raining anywhere near
Day by day it's looking like I should learn to cook now"
reddit,mixed,r/swiggy,1mv7nta,Ok-Switch2372,2,2025-08-20 12:30:05,"How do I get my Swiggy Instamart refund
It's been over 5 days,since I was assured of my refund.i tried to contact them over call,email but they still haven't transferred my money.is there any way I can contact them and get back my money"
reddit,mixed,r/swiggy,1muolip,Interesting-Gur-7495,5,2025-08-19 22:43:29,So how do I redeem It? It takes me to a Blank page and after refreshing it doesn't show Upi Autopay.
reddit,mixed,r/swiggy,1muo7jj,_Ezist,28,2025-08-19 22:29:34,"Going to start as a delivery partner. Any advices?
I'm a 20 year old guy from Mumbai. Living with parents. Facing some financial issues currently so decided to do some gig work. Since I don't have any qualifications for a decent job. (12th pass).

I uploaded my details and everything. Now waiting for the bag and tshirt to arrive plus the scooty rental stuff which I'm confused about.

Would love to get in touch with someone who's worked with swiggy or is working currently for some guidance.

Any tips and advices are appreciated!!"
reddit,mixed,r/swiggy,1mul35t,sane_insane,1,2025-08-19 20:37:29,"Get a discount and then get managing 2 support executives and the delivery partner just to get your food
Recent experience. Ordered food from Swiggy. Got the first time ordering discount from an outlet I was ordering from for the first time and guess what ? Swiggy is outsourcing the delivery to a third party now. 
The company that got into the business of delivery is outsourcing delivery. And who do they pilot on - those who are availing discounts. 

Enough said. Service priority seems to be only required for growing phase start ups. Listed companies do not take time to pivot into capitalistic monoliths with zero service delivery intent. Kudos to the team."
reddit,mixed,r/swiggy,1mud0qu,Crackling-spaces,0,2025-08-19 14:20:49,"Swiggy delivers without a bag 🙄
So, I ordered some food in my office. Turns out the swiggy delivery person came with my order in a brown paper bag placed on the scooty footrest. I am sure the dude stamped or kicked my food a few times. 

When I asked him why doesn’t he have a bag. He promptly said he’s a rapido driver so he doesn’t have a bag. I took a picture and reported the issue to swiggy on chat support now they want me to mail the same thing. 

Guys, don’t accept such unprofessional behaviour. Take a picture of the delivery person and keep reporting the issue to swiggy. Ideally, they should refund for the ‘kicking’ food."
reddit,mixed,r/swiggy,1mtwxyv,bestfoodvlogger,62,2025-08-19 01:36:50,"Your UX guy needs to be fired ASAP
I had ditched swiggy long back due to its poor UX, fell in love with the UX of Zomato and there’s not been a looking back. Recently used my friends Swiggy and realized not much has changed. 
How does a company have a Solid UX team which keep boasting about their achievements simply not do the smallest convenience features that Zomato can bring in? Your UX head must be a mn idiot!"
reddit,mixed,r/swiggy,1mttpt4,Commercial-Paper749,2,2025-08-18 23:39:19,"Swiggy or Zomato which is better for delivery agent?
I was thinking to join as a delivery boy for partime work in night so considering which one is best for me to join"
reddit,mixed,r/swiggy,1mtq5gz,Expensive_Iron5920,2,2025-08-18 21:31:31,"My account got Suspended, what to do now?
Swiggy Suspended my account for reasons I can't imagine but my best guess is that I used Instamart for a relatively large purchase and paid via GVs.
I have contacted them on mail only for them to reply that they are looking into it. After that that stopped replying and my account is still suspended.
Can anyone help?

Thanks!"
reddit,mixed,r/swiggy,1mthkzv,prancinghorsestud,3,2025-08-18 15:20:08,"One Black ReSubscription dilemma
Hi, so my ₹1 for 3 months of Swiggy One Black just expired a couple days ago. Swiggy wanted ₹399 for an additional 3 months, but now that I have not used it they're now offering 3 months for ₹199.
I was wondering should I wait for a better offer to come through, or is this the best they will offer me?"
reddit,mixed,r/swiggy,1mtg760,Individual-Scar5774,113,2025-08-18 13:54:11,"MID-YEAR COMPANIES MEET UP! Everyone defending themselves. LOL
I actually find Instamart funny in comments but not in the reels they make. 
The comment section of this reel is much more hilarious as all the companies from stock trading to fashion shopping apps are in it, except Zomato.

https://www.instagram.com/reel/DKcQVwYP5_J/?igsh=MTRreGdvbnFvNnF0MQ=="
reddit,mixed,r/swiggy,1mtcysk,Available-Mix4355,6,2025-08-18 10:37:30,"Swiggy Instamart fix your app pricing!!
I was suffering from high fever since 4 AM and ordered “Saffola Oats”, “Cow Milk” & “Wonderland Foods Mix Dry Fruits (₹277/400gm)” from SwiggyInstamart so I could have breakfast before taking medicine. Within minutes, I got a call from customer care saying the delivery partner went to the wrong location and they had to cancel my order. Soon after cancellation, the same dry fruits went out of stock.

This clearly looks like either a pricing glitch or mismanagement of stock. Please Swiggy, fix your app’s pricing/stock issues instead of giving unnecessary excuses to customers, especially when they are unwell and relying on timely delivery."
reddit,mixed,r/swiggy,1msxxvn,Inner_Parsley5166,3,2025-08-17 23:34:46,"Packaging very hot food in thin plastic containers
Hello everyone,
Just wanted to know if the issue of packaging extremely hot food in thin plastic containers bothers only me or is it others as well. 

Even if we request the hotel to cool the food and then place it in the container that never happens. The food is so hot that I have seen the plastic container deform due to the heat. This definitely means plastic getting leached to the food that we eat. 

Is this something that can be avoided or do we have to book only foods that aren't heated crazily, e.g. burgers etc.

Any comments/suggestions are welcome."
reddit,mixed,r/swiggy,1msm6i8,KnowerOfNothin,121,2025-08-17 14:40:41,"20% hike in Platform Fee - yet service remains shitty.
Idk if it has been around for a couple weeks but just saw Platform Fee is now Rs. 12"
reddit,mixed,r/swiggy,1ms3wna,Not__Found_404,1,2025-08-17 00:14:09,"Payment Partner Discount Mistake by Swiggy/by payment partner?
Recently, I fell for a payment partner discount by Swiggy.

It was written that I would get a 75-rupee discount for a bill amount of 200+ if I pay using Samsung Pay UPI for the first time. Yet I didn't get it.  
Did I miss something here ?  
My bill after taxes was 205 rupees.  
I raised a complaint on swiggy but I was told to contact samsung pay instead.  
How can I contact them ?  
Can someone please help me  
Thanks"
reddit,mixed,r/swiggy,1ms0lca,CodExpert8589,72,2025-08-16 22:15:23,"Cunning Swiggy policies for food cancellation
I was trying to order dinner in Swiggy and while making the payment there was an error and payment was not complete.

Swiggy asked if you want to keep your order and make the payment while food is being prepared. I chose yes.

But I noticed that the coupon is not applied when we choose this option. So immediately when I realised this, I tried cancelling the order and all this happened in seconds. 

But Swiggy charges the complete cost of the order in case of cancellation and you can look at the time of order placed and the first chat. Not sure how come the kitchen starts to start cooking seconds when the order is placed.

Even a customer care agent is unable to help.

Moral: when you get excited by new options introduced by online payment apps, be cautious, because sometimes it is not always to help you."
reddit,mixed,r/swiggy,1mrwod5,Minimum_Opposite4640,1,2025-08-16 19:53:09,current situations wrt tech teams at Swiggy and other startups
reddit,mixed,r/swiggy,1mru07s,EXTerminatorOP,5,2025-08-16 18:05:11,"Swiggy Lite free delivery radius suddenly reduced from 10km to 7km – anyone else facing ?
Hey everyone,

I’ve been using Swiggy Lite for my food orders. The subscription gives 10 free deliveries, and out of those I’ve already used 5.

When I took it, the free delivery radius at my location was showing 10 km (which was great, since most of the good restaurants around me fall in that range). But suddenly, without any notice, the radius got reduced back to the default 7 km.

Now all the restaurants I actually prefer are outside the 7 km radius, and ordering from them adds heavy delivery fees, which defeats the whole purpose of the subscription.

Has anyone else faced this sudden reduction in the delivery radius? Is Swiggy silently rolling back benefits or is it some kind of glitch?

Would love to hear if others are seeing the same thing and if there’s any fix/workaround."
reddit,mixed,r/swiggy,1mrt85j,No_Operation_9677,13,2025-08-16 17:30:16,"2 months on and still no resolution. Swindled by Swiggy.
On June 28th, I ordered two items from Swiggy Instamart — and what I received were two EMPTY boxes.

I immediately contacted Swiggy support through both calls and emails, expecting a quick resolution. Instead, they refused to refund my money — despite clear proof that the items were missing.

So now, I’ve paid for nothing but AIR. No products. No refund. Just a lot of frustration.

I’m honestly baffled by how a platform like Swiggy can get away with this. If this can happen to me, it can happen to anyone.

Please be aware — this feels like a deliberate scam. Swiggy sends you empty packages and then refuses to take responsibility. If you’ve faced something similar, speak up.

Let’s not stay silent about poor service and unethical practices.

It’s been 2 months now and they have outright said that a refund will not be possible. I have screenshots of all conversations that I have had with them and they are now outright hanging up on me when the call goes on for longer than a few minutes.

If Swiggy had an iota of common sense, it would look at my customer profile and look at the amount of orders I have placed in the past and then decide if I would be lying about a missing order to the tune of 3,000 rupees and fighting for 2 months.

Edit: Edited the timeline as rightly pointed out."
reddit,mixed,r/swiggy,1mrpuyh,Personal-Event-6549,0,2025-08-16 14:35:04,"Is there any minimum purchase value in Instamart to get 10% CB,Is it applicable to all products in Instamart.
Is there any minimum purchase value in Instamart to get 10% CB,Is it applicable to all products in Instamart by using Swiggy HDFC CC."
reddit,mixed,r/swiggy,1mr9tm7,WonderfulRelation603,8,2025-08-16 02:15:47,"Swiggy Instamart at C-Block Sushant Lok, Gurgaon: Infested with cockroaches and bugs, avoid at all costs"
reddit,mixed,r/swiggy,1mr971u,Queasy_Cold15,26,2025-08-16 01:52:23,"Bought Whisper pads from Swiggy Instamart, completely different cheap quality. Are they counterfeit?
I’ve been using Whisper XXL (317mm) for years and I know exactly how they’ve always looked and performed. Last month I ordered a pack from Swiggy Instamart because it was on discount and today when i opened them I’m shocked to see that these pads look nothing like the ones I’ve used for years. Even my older pads (same product, same size, bought from a local store) are totally different.

Comparison photos are attached! See for yourself 🥲

Look at how the old ones have a soft mesh net, clear design lines, feel full and cushioned, (and stays dry), while the Swiggy ones have a plain rough cotton cloth, faded lines, are thin and flat, (and stays wet without soaking).

I’ve used Whisper XXL for a long time, and I’ve never seen them look or feel like this.

I’m now wondering if this is Counterfeit stock or some kind of parallel import or fake packaging. 

I genuinely want to know if others have faced this with Swiggy Instamart or other online platforms. If this is happening to more people, it’s a serious consumer safety issue."
reddit,mixed,r/swiggy,1mr8jr4,Safe-Confidence-1395,33,2025-08-16 01:28:32,"not following their own policies
Purchased this hammer speaker 2 days ago from instamart, unboxed it and it was working, got busy couldn't use it for two days so decided to use it today and bam, there's negligible sound coming from the speaker. almost as if the internals are blocked by something, tried multiple devices, charged fully, toggled on and off to no avail. 

Now comes the funny/annoying part

The product description had 4 day replacement in case of damage/incorrect/faulty product but when i tried to get help, they just wouldn't acknowledge the same. the guy on the chat just keeps saying it's not in our policy to exchange/return/refund for the product when it clearly says on the product page that it is. we keep bashing zepto for their malpractices but Swiggy nowadays is no less. If it passed 4 days i wouldn't even bother because i knew how useless their help centres are. attaching product page and chat screenshots for reference.

ps i got it only for 211(299 on independence day sale plus 100 free cash) and im pretty sure they were clearing out faulty stock but my bad luck it worked initially and now it doesn't, so it's not much of a pocket burn, but cmon man, not following your own guidelines and policies is the worst thing I've ever seen a quick commerce company do. 

if there's any way to get something out of this, kindly let me know peeps

https://www.swiggy.com/stores/instamart/item/M667VB2WD4?share=true"
reddit,mixed,r/swiggy,1mr4hr5,HeatRevolutionary494,226,2025-08-15 22:59:43,"Update: Swiggy Resolved My Issue After Posting Here!
Quick update to my earlier post about Swiggy’s delayed order and 100% cancellation fee. Someone from Swiggy’s higher management reached out to me after seeing my complaint here and asked for my order details via email. My refund was quickly approved!

He also asked if I had any other issues, so I mentioned another order where I had trouble previously. Amazingly, he refunded that amount too.

Thanks to everyone in this community for the support and for helping highlight the issue. If you’re facing something similar, don’t hesitate to speak up.

posting here really helped get my problem solved!"
reddit,mixed,r/swiggy,1mqug94,samayisnoob,77,2025-08-15 16:28:21,"I tried Swiggy’s train delivery and it’s way better than my usual option.
https://preview.redd.it/l8qhjsdtx5jf1.jpg?width=3000&format=pjpg&auto=webp&s=543297d665eca15fd6479d72985b16bb3ecab83a

I travel by train every few weeks and have ordered food onboard plenty of times. Until now, I mostly used RailRestro. It worked fine for basic needs, but the choices were usually limited to one or two outlets at most stations. Most of the time, the menu was just thalis such as veg thali, deluxe thali and so on. You don’t really know what the portion size will be or whether the restaurant is actually good.

Once, I ordered dinner at 6 PM for an 8 PM stop, only to find out later it was the last station on my route they could deliver to. The order never came, I got a refund, and I ended up having just a packet of chips for dinner. Not my best travel memory.

That said, I would still recommend RailRestro if you are on a strict budget, because they do have very affordable meal options compared to other services.

This time, I decided to try Swiggy’s train delivery and honestly it felt like a big upgrade. There were plenty of restaurant options, so I went with fries and burgers from a local place. The food arrived hot, tasted great, and the packaging was solid with no leaks or sogginess.

After this trip, I think I will be sticking with Swiggy for future train journeys. The experience was smooth, the food quality was better, and it felt worth sharing here."
reddit,mixed,r/swiggy,1mqnqqu,cyborghawk7,9,2025-08-15 10:13:19,"Somehow my earnings vanished and I'm not able to contact the help
Hey . I did Swiggy delivery on 13 august and earned 1460 . But somehow when the payout came.  The earnings miraculously become 1158. No clue about where rest of the money went . The floating Cash is fine.  I asked the help. They aren't giving an explanation. They saying me to ask at the right place. I tried to talk to help through incorrect payout section. It's saying I don't have payment that day. But got 29 in my account . Does anyone faced this issue??. Got fixed ??"
reddit,mixed,r/swiggy,1mqd2h3,AffectionateCake2592,0,2025-08-15 02:29:33,Delivery fee is almost same as order value for just 2.6 kms
reddit,mixed,r/swiggy,1mq7pln,DayLong6938,4,2025-08-14 23:16:48,"Swiggy cash on delivery clarification
If I choose cash on delivery option for Instamart/food delivery:

Q1) Am I supposed to pay only via hard cash at the time of delivery?

Q2) If the answer to Q1 is no, can I make UPI payments for cash on delivery?

Q3) If the answer to Q2 is yes, am I supposed to scan a QR code provided by Swiggy delivery agent to make UPI payment(have to contact delivery agent for getting this QR code via screenshot or be physically near him for scanning via camera), or can I make an in-app UPI payment(delivery agent does not have to share anything with me and I don't need to be near him  for completing payment)?"
reddit,mixed,r/swiggy,1mq73bj,bhai_log7,65,2025-08-14 22:55:16,"Finally an app that can compare the prices between Swiggy and Zomato.
So, I came across this AI tool that allegedly helps you order food on a very tight budget. I’ve written about it before as well.

It’s a simple tool that does help find the cheapest options, though I personally don’t usually go for those because of my own preferences.

Anyway, I recently shared one of my Zomato carts with this app, and to my surprise, it actually compared that cart on Swiggy. It gave me the exact same cart with the final price on Swiggy and I could order it in just one click.

Now that’s a real use case. I’m genuinely impressed.

Just putting it out there for anyone who might need this right now.

check it out here - [https://chat.craveo.in](https://chat.craveo.in/)"
reddit,mixed,r/swiggy,1mq656x,green9206,2,2025-08-14 22:21:42,"What's the deal with 99 store?
Gives you discounted items and free delivery above 99rs even without swiggy subscription. How does swiggy profit from this?"
reddit,mixed,r/swiggy,1mpzzjn,Who-_I-Am,6,2025-08-14 18:29:56,"Is swiggy black worth it or just a bait to make users pay more?
Got swiggy black upgrade offer today for 3 months @ ₹299 but I feel like its more like a bait than a upgrade. 

1) express delivery: Even with black it's still not guaranteed that I will get express delivery as the T&C says ""eligible orders"" which will be only during low demand time. Do swiggy deny express delivery or compensation stating no delivery partner is available or some other reason even for black members? 

2) compensation for late delivery: it says ₹75 coupon if late delivery by 5 min but will this coupon be applicable over the other discount coupons that restaurants offer? The restaurant I order mostly from provide ₹100 off on order above ₹179 and sometimes ₹125 coupon is also available and this makes pre existing coupons better than ₹75 compensation coupon if the coupon is not applicable over ₹100 or ₹125 pre existing coupon. 

3) No surge fee: some users reported that they are charged surge fee despite being swiggy black member

4) Up to 30% extra discounts over & above other offers: So will I get additional discounts over the pre existing restaurant coupon/discount? What % additional discount do you get with black membership?"
reddit,mixed,r/swiggy,1mpu346,naagarnehh,4,2025-08-14 13:15:07,"Swiggy cancelled my last order and now charging cancellation fees
So last week i ordered something on COD .. after 1-2 minutes the order got cancelled automatically .. I reached out to the restaurant they said they didn't cancelled the order but the Swiggy itself.. i tried to contact the cs team and restaurant nothing works
Then i leave it and forgot about it..
Now I wanted to order something again and they are charging my last order cancellation fees
But its not my fault bcz I didn't cancelled the order 
What can i do now ?
Im thinking to delete the account but i heard we can not make fresh account using same number ?!!?
And NO their shitty cs services doesn't helping at all neither email team"
reddit,mixed,r/swiggy,1mpta5a,SpaceZombiRobot,68,2025-08-14 12:26:42,"Did anyone else notice as well? There is no return or refund anymore. Regardless of them sending you expired stuff?
This was for a kombucha i ordered along with some groceries, first sim and I know something is off. The drink expired on 3rd Aug and when I tried to flag it on chat this is what i get. When finally somehow I get someone on call they said email us. When I asked for a supervisor they put me on hold without asking.

Seriously messed up, their escalation manager is wonderful but this apathy is not tolerable.

Because of the one guy I had renewed Swiggy black but looks like I wont be using it anymore. Assholes"
reddit,mixed,r/swiggy,1mpi6db,HeatRevolutionary494,639,2025-08-14 03:35:08,"Swiggy Delayed My Order Over 3 Hours, Then Charged 100% Cancellation Fee - Is it Legal?
I ordered food from Swiggy at 11 PM and waited for 1.5 hours when the delivery driver called to say my order was picked up by another driver. I contacted support, and they offered a replacement, which I accepted.

The new order was placed at 12:10 AM with a promised 30-minute delivery time. But after waiting another 1 hours (total over 2.5 hours), I reached out to support again. They said no delivery partners were available and asked me to wait longer. 

After waiting 30 more minutes on chat with no solution, I asked to cancel and get a refund because I needed to sleep for work. Support then said if I cancel, I’d be charged a 100% cancellation fee. How does that make sense? Swiggy failed to deliver twice, made me wait over 3 hours, and now wants to charge me the full amount for cancelling when they couldn’t fulfill the order.

This seems unfair and possibly illegal. Has anyone faced this? What can I do?"
reddit,mixed,r/swiggy,1mpc7lq,Weird_Celebration651,7,2025-08-13 23:49:29,"Missed offer by just 30 minutes
I was planning to order this kettle for hostel. There is freedom day sale going on so decided order it .  I was just waiting for my roommate to return from gym just to confirm with him as we decided to split 50/50. But in just 30min price went back to original amount (₹500).What kind of sale is this

Is there any way to still get it at the sale price? Like contacting customer support or any other sale?"
reddit,mixed,r/swiggy,1mpav9q,Successful_Invite322,0,2025-08-13 23:00:36,"Swiggy game for One BLCK, got a free extension
Just stumbled upon this cool thing on the Swiggy app called One BLCK Quest. Basically, you have to hunt for hidden symbols in this crazy detailed world. Took me a while (and a lot of zooming in 😂) but I actually completed it and ended up winning a free 1-month extension of my membership.

Not gonna lie, I’ve been on this new One BLCK membership for a bit now and I’m liking it and the perks feel premium without costing a bomb. Nice to see Swiggy doing fun stuff beyond just discounts.

Y’all should check it out on the app."
reddit,mixed,r/swiggy,1mp4bkz,acesmash,1,2025-08-13 18:52:18,"Help me understand Swiggy Math
So I purchased some things from Swiggy Instamart.

I have annexed the calculation for regular and Super Saver (long screenshot annexed). How am I losing 5 rupees in super saver.

Super Saver should've saved me money. Instead it's charging me 5 rupee more which doesn't make sense.

Help me understand this better as the Math is not mathing and turning my brain to popcorn."
reddit,mixed,r/swiggy,1mp15vn,Potential-Light-4209,5,2025-08-13 16:22:48,Is there any difference between the two?(California burrito)
reddit,mixed,r/swiggy,1mozff0,excitive,147,2025-08-13 14:38:11,"Question: If I tip the driver AFTER they deliver the order, does the app tell them clearly that they have been tipped?"
reddit,mixed,r/swiggy,1moi6c6,kakashi7299,10,2025-08-13 00:50:38,"Its been an hour and the delivery partner has picked up my order 30 minutes ago but he is not moving at all.
No help from chat support and every time the delivery time getting increased. So what should I do now?"
reddit,mixed,r/swiggy,1moh1ae,vedulalaaaa,21,2025-08-13 00:09:00,"Swiggy is charging 59,999 for Boult Earbuds."
reddit,mixed,r/swiggy,1mof7sr,aruvarma,4,2025-08-12 23:03:21,"Complaint Regarding Fraudulent Order from FreshMenu via Swiggy – Jakkur, Bangalore
I ordered from FreshMenu, Jakkur, Bangalore:

1× Doujiang Korean Fried Chicken with Double Hash Brown and Thai Chilli Chicken Tenders (2 pcs)

1× Chargrilled Moroccan Cottage Cheese Superbowl

The usual delivery time is 25–30 minutes. This time, the order took over an hour with multiple changes in delivery partners.

When the order finally arrived, I opened the bags and was shocked to find only two bowls containing cheap egg rice — the kind of street-style food you’d find at a roadside stallcin Bangalore, nothing even remotely resembling what I had ordered or paid for.

I immediately contacted Swiggy helpline. After repeated escalations in the chat, they offered a full refund. I clearly stated multiple times that I also need an explanation of how this fraud happened. This was not a simple case of “wrong item delivered” — this feels like a deliberate replacement with substandard, unrelated food.

I asked them to contact FreshMenu directly. The Swiggy customer care executive claimed that the restaurant was cutting the call. He then connected me to the delivery partner, who confirmed that there was no bill attached to the order and that he had informed Swiggy about it.

After a lot of back-and-forth, Swiggy finally offered me an additional ₹42 coupon, making it sound like I had no choice but to accept it. This is insulting and unacceptable considering the severity of the issue.

This is not just poor service — this is blatant cheating. I want to pursue this matter legally through the Consumer Court to hold both Swiggy and the restaurant accountable.

I need guidance on the next steps to file an official complaint."
reddit,mixed,r/swiggy,1mo1m9i,PhysicsInternal4340,53,2025-08-12 12:22:02,"Price increase in purchasing one membership
I dont use swiggy much frequently but the last time i remember buying the One membership for 30/- for 3 months and now it is costing 499/- just for one month. Im thinking that because i dont use swiggy much, they have increased the price for me. Any thoughts from your side?"
reddit,mixed,r/swiggy,1mnzc4v,thebrowndoughnut_,2,2025-08-12 10:07:44,"I got wrong order delivered and now they won't even exchange/return it
I ordered a moisturizer on instamart yesterday but received a sunscreen instead, upon reaching the customer service different agents told me different things. One of them had told me I'd get a call next day for my return pick up and I would get a coupon but after some time the chat was closed so I tried reaching out to another agent and they said the same thing but reduced my coupon value and after several attempts of contacting them, finally I was told I'd get the coupon worth the same amount. Today when I contacted them again I was told nobody is coming for return pick up! The person called me and said I'd receive the coupon in 48 hours and I get to keep the wrong order delivered to me. Now I don't know if I'll ever receive my coupon,   because there is no return pick up and  they keep changing their minds. Help."
reddit,mixed,r/swiggy,1mnizwq,Ghastly_King,67,2025-08-11 22:45:02,"Got wrong order non veg instead of veg
I wanted refund and they agreed but now there has been two days and I still don’t have refund in my account 

I ordered veg burger and guy delivered chicken biryani 

They have given me RRN number 

Does anybody know how to use it"
reddit,mixed,r/swiggy,1mngu8v,Kabir131,113,2025-08-11 21:26:59,"Does Swiggy One Black price drop after a few days?
I see the Swiggy One Black upgrade at ₹399 for 3 months right now. Last time I bought it for ₹400 but don’t really want to spend that much again unless there’s a discount coming up.

For those who’ve purchased it before do they offer a lower price or special discount if you wait a few days, or does the ₹399 price generally stay the same?"
reddit,mixed,r/swiggy,1mn9mxt,Ok-Worry-9313,8,2025-08-11 16:16:36,"Help with getting decent remedy from Swiggy.
I ordered matcha latte from cafe coffee day. Issue is:
1. It was spilled
2. The packaging was damaged
Helpline offered me ₹38 only. Like wtf? The drink had cost me 255 + damaged. How to get more? Is this a fair ask? I couldn't even enjoy my drink. It got spilled in the carry bag, my bed and floor. 
I'll attach photos. Help, somebody."
reddit,mixed,r/swiggy,1mn5xhq,Ok-Introduction-6058,1,2025-08-11 12:19:23,"Why is the discount coupon already selected?( Why can I not unselect it?)
I wanna do the payment on delivery thing but this isn't allowing it. Very frustrating"
reddit,mixed,r/swiggy,1mn2m50,punnitintended,12,2025-08-11 09:07:11,"Birthday discount which never works
So I got a birthday discount yesterday but there was no restuarant giving such offers from the mentioned restros. Thankfully SHAGUN151 discount came to the rescue. Seems this birthday discount is just scam when I went to complain to twitter many jad same probelem. Also how do we even get help from swiggy there is no way for direct communication."
reddit,mixed,r/swiggy,1mmsfz9,Sunny-x-Genos,267,2025-08-11 01:29:36,"How Swiggy makes profit. Please go through the entire video.
The order was delivered at 11:37pm and Swiggy sent me an email at 12:21am. Kudos to Dominos for delivering the remaining items even if they weren't under any compulsion."
reddit,mixed,r/swiggy,1mmmri6,thesinghpriyanka,48,2025-08-10 21:50:34,"How and why does the price change?
How does the amount change to 89 from 1?"
reddit,mixed,r/swiggy,1mmf29n,Elixer_of_Life,18,2025-08-10 15:54:57,"Delivery boy onboarding issue.
It says to wait for 2-3 hours, but 5 days already passed, have contacted both Swiggy email n call support, but no help, just bot generated shit reply, any idea what to do now?. Help would be appreciated 🙏"
reddit,mixed,r/swiggy,1mmef95,Miserable-Light8645,2,2025-08-10 15:15:44,"Card based discounts on Swiggy may be rigged to cheat
There are 2 axis bank cards I’ve got just because they give some discounts in Swiggy which I happen to use very frequently.

Been 1-2 years since.

Now here I am ordering some blue tokai pancakes from my boyfriend’s phone. I see this one axis bank (my zone) discount available at payment options. My zone card- I know he doesn’t have. So I say - hold on I will order from my phone.

Mind you - I am a Swiggy Black member. I order the same thing, same restaurant everything.

Checking out and looking for the same coupon?? NOT THERE 😹

What kind a cheat shop are you guys running, @swiggy??"
reddit,mixed,r/swiggy,1mmcnj1,naresh871,5,2025-08-10 13:19:46,"Swiggy Charged Me a Cancellation Fee for an Order They Cancelled
I recently had an unfortunate experience with Swiggy and would appreciate any advice or insights from this community.

# 🧁 The Incident

I placed an order for sweets through Swiggy and was eagerly awaiting the delivery. However, upon checking the app, I discovered that my order had been cancelled. When I contacted customer support, they informed me that the cancellation was due to a bike repair issue with the delivery partner.

# 💸 The Issue

Despite not cancelling the order myself, I was charged a cancellation fee. Swiggy's customer support cited their cancellation policy, stating that no refund would be provided. I've exchanged numerous emails with them, but the response has been unhelpful.

# 🔄 Attempts to Resolve

* **Customer Support:** Repeatedly referred to their policy without offering a solution.
* **Emails:** Multiple communications have yielded no change.

# 🆘 Seeking Advice

Has anyone else faced a similar situation? How did you resolve it?"
reddit,mixed,r/swiggy,1mm9ld3,Little_Bell_8223,0,2025-08-10 10:12:16,"App placed order automatically
Today something weird happened. 
I got a call guy said he is from swiggy delivering my order. But I never placed an order.
There are only 2 ppl using this number for swiggy. Nobody placed the order. Its a restaurant we have not even heard of. 

There is just 2 of us on this address so nobidy from family could have placed it.

There was a message saying payment failed, but that was due to instamart order we cancelled.

We called customer care and they said you have placed n you will be charged for this.

But we checked with everyone, family or friends who may have placed it. But nada.

Swiggy cancelled the order and we are being charged for it coz they don't believe we did not place it.

So they will charge us on next order.

Has this happened with anyone before. What can be done. I removed all cards n addresses from swiggy."
reddit,mixed,r/swiggy,1mm9k3a,akasotto,47,2025-08-10 10:10:15,Rotten Egg With Worms from Swiggy Instamart
reddit,mixed,r/swiggy,1mlvbz8,Easy-Worldliness3691,2,2025-08-09 23:08:48,"Assigning a different delivery partner
If delivery person is unable to pick up the order due to legit reasons, does Swiggy assign a different rider or just push the same person to complete delivery :))"
reddit,mixed,r/swiggy,1mlkder,Intelligent_Buy5983,1,2025-08-09 13:54:47,How is the scene today in your area's quick commerce app
reddit,mixed,r/swiggy,1mlinae,rdtsa01,1,2025-08-09 12:03:25,"How do i sign up as a rider on swiggy?
I've some free time and wouldn't mind earning from it. Can someone help me with the process, also how much can someone earn in a month being a rider?"
reddit,mixed,r/swiggy,1mlg9v3,HorshoG,264,2025-08-09 09:44:41,"No one is ready to take the blame
I ordered from their breakfast menu 1 hour ago. At the time of placing order it showed 25 to 30 mins. So I wait and wait and wait until I can’t wait anymore. Because obviously I’m hungry. 
I couldn’t call the restaurant because their phone is switched off. I called the delivery partner and he started showing attitude and saying call restaurant. I tried Swiggy customer care but they are saying your order will reach in 17 minutes but bhai pichle 1 ghante se 17 minutes hi chal raha hai kya?

And the worst about Swiggy support is there’s no human on the other end. Please fix your support and if you’re having problem delivering within time, let there be a simple cancel order button."
reddit,mixed,r/swiggy,1ml5r4n,Avanthika_wheeler,247,2025-08-09 01:43:20,"Delivery agent in wheelchair !!
Hey folks! I’m a wheelchair girl, and the other day I saw a delivery agent (from Swiggy or Zomato, not sure which) using an electric wheelchair that looked a lot like a bike. It was honestly super inspiring!
.
.
.
I’m not sure whether Swiggy or Zomato provides that kind of wheelchair or if the delivery partners arrange it themselves. Or maybe they just provide an electric attachment for a regular wheelchair? If they do provide it, I’m also curious — what happens after the delivery partner finishes their shift for the day? Do they return it somewhere, or keep it with them?
.
.
.
I’m seriously thinking about joining as a delivery partner if they provide that kind of setup.
.
Would really appreciate any info or personal experiences from anyone who knows more about this. Thanks in advance!"
reddit,mixed,r/swiggy,1ml264w,ResistAgreeablebut,41,2025-08-08 23:25:16,"all the intent got washed away due to rain
past few orders were delayed and I have been complaining. So today Swiggy assigned  priority mode for my order. but as luck would have it, it rained heavily and the order again got delayed. it just sucks"
reddit,mixed,r/swiggy,1ml243g,Ok-Flower5315,1,2025-08-08 23:23:07,"Quitting Swiggy in 3 days, need help and suggestions.
I registered on swiggy Instamart delivery partner, they charged me only 2 rupees, after working for three 3 days I got to know that this job is not for me so I filled the ""leave Swiggy permanently"" form.

I didn't receive any tshirt or bag but the app is saying that you will receive in 7-10 days.

Now what should I do next, will they charged me anything for quitting?"
reddit,mixed,r/swiggy,1mkxkxy,s_nagar,12,2025-08-08 20:32:11,"What's The Meaning Of 2 Deliveries In Same Order?? How The Payment Is Going To Be Done??
Same As Title"
reddit,mixed,r/swiggy,1mkq4jc,replydede,1,2025-08-08 14:25:48,"I want to open a cloud kitchen in Swiggy need help regarding that
I don't know what documents needed and the process if any one have store at swiggy can help, i will be greatful to them..."
reddit,mixed,r/swiggy,1mkl4sb,Impressive_Web_4220,1260,2025-08-08 09:26:59,"Update on the experiment of being a Swiggy rider to collect my own orders.
So Swiggy has caught up with me, and self orders have a penalty of 45 rupees.

Swiggy seems to be checking this via Phone number being the same.

I kinda expected to rack up lots of penalties during my experimenting phase so it was kinda expected but now I know what to avoid 

Now in my opinion is it worth it signing up to be one, in short the answer is no for the majority of people.

But I go to insane levels of frugality. 

What's my plan here. 

I currently have over 6 accounts on swiggy with the one subscription, The reason I do this is cause I can check prices on items on swiggy over multiple accounts, there are slight differences in coupons, also some accounts get free money on Swiggy Instamart, speaking of Instamart prices for the same item actually differs per account so it's good to check a number of accounts before finding the best way. Also I can use certain card offers again having multiple accounts.

Also another reason I have so many Swiggy one accounts is cause I can get  the mariott bonvoy offer again and again for those who don't know about it, it's an offer through which you get 200 free Swiggy money (for those trying to get it again and again read the terms and conditions on account activity before you do so)

Also its easy to spin up Swiggy one accounts(I know it's restricted to two per device, don't come at me saying that)

Now my plan is to order from numbers other than the one I registered for Swiggy rider with.

Now coming to the question is it worth it.

Yes and no, like I said for most people nope.

I place like over 60 orders a month and I will be using this only for 5-6 orders a month, the reason merely being convenience, I will only do orders within walking distance and when I am not feeling lazy.
So even if do a ton of orders a month the only ones I would be comfortable picking up would be around 5-6 a month.

I am looking at around getting 120 rupees a month.
Is it worth it? Well 120 rupees is kinda nothing to me but you have seen the levels of frugality I go to.
So it's kinda free money. By tipping I guess I will get cashback too. But eitherways I spend a ton of money on swiggy and it will help me save a tiny bit.

Over 90% of my expenses a month are on gift cards just so I can save a bit of money, I literally pay at every store with GVs. I like to refer to myself as a penny pincher but my classmates say otherwise according to them I am impulsive at buying stuff, spends like crazy but calls himself a penny pincher cause he takes time and effort in finding the cheapest possible way to buy an item."
reddit,mixed,r/swiggy,1mk131m,Inside-Pass5632,1,2025-08-07 19:38:33,"Order not delivered but marked delivered
What are my options? They asked to mail to some email id, can't I get instant refund from customer support chat?

Anyone faced similar issue?"
reddit,mixed,r/swiggy,1mjzqfz,Impressive_Web_4220,3768,2025-08-07 18:42:39,"Swiggy potentially stealing tips from riders
I made an order on swiggy with me as the rider and tipped myself 2000, by tipping 2 separate times, the total tips are 2000, the initial tip isn't shown as its included in the bill. the burger costs 147 and 1000 was the tip and after which I again tipped 1000.  
  
But my rider app only showed 1000 as the tip, I as the customer contacted swiggy report and a representative was immediately assigned to me who told that the rider has received the tip of 2000.  
  
I then used my rider app and contacted support and raised a ticket no representative was assigned to me and the ticket was closed.  
  
swiggy might be opening its doors to a class action lawsuit.  
  
I have already contacted swiggy support for official documentation on their policy on rejection and penalties. They have been unhelpful  
  
I might have to move forward with a legal suit and get a deposition on all their policies   
  
fortunately for me I am a student with nothing better to do"
reddit,mixed,r/swiggy,1mjx6f6,Express_Tailor_4503,7,2025-08-07 16:39:51,"Ordered a pizza and pepsi recieved just the pizza
Delivery guy didn't have change so I let him keep the change cause he delivered on a bicycle.
Waited for almost an hour plus one item not delivered.
Idk what to do, haven't raised complaint cause I feel He's working hard and would be bad if he goes the same distance again, guy seemed bit weird with the body language and  my mind is like what if he stole it and lying that the outlet just gave pizza not the entire order?
He also said oh I have to go again then and looking at me I said no don't it's ok.
I'm even skeptical if I should eat the pizza."
reddit,mixed,r/swiggy,1mjwh2h,AgileReflection5966,1,2025-08-07 16:00:04,"How to Talk to swiggy customer care
I have some issue with my delivered order. The restaurant delivered less quantity of sweets than what was ordered. I tried to connect on help section but those guys are very unresponsive. They didn't even listen to my complaint and straightway asked me to Email my concern. 

When I send email with all pictures and proof, all they did is an apology message and say that they can do nothing about it. 

I am really frustrated with this kind of treatment, there is no one who actually want to listen to the concern. 

Any idea what can be done?"
reddit,mixed,r/swiggy,1mjvp9s,EarthianChickhunter,60,2025-08-07 15:13:19,"So cancellation charges ARE reversible!
I was searching for something on Swiggy to order and added a few items to my cart and when I was trying to apply the appropriate coupon code it placed the order by itself and redirected me to GPay for paying. I found it strange but thought it’s alright I’ll just cancel transaction so if transaction fails no order placed right? Guess what, I was wrong. Swiggy now in all of it’s generosity “let me pay on delivery” instead of camcelling the order.

I proceeded to the nonexistent customer support instantly so atleast the food won’t be wasted but they couldn’t help me because “policy”. They had scrapped the 60 second cancellations silently. So I proceeded to cancel with cancellation charges as I had a diabolical plan ready to use another number to register on Swiggy. Fast forward 3 months, I received the following text today saying they have reversed my cancellation fees. Guess they do need the customers more than the customers need them."
reddit,mixed,r/swiggy,1mjoo8i,Special_Itch,14,2025-08-07 08:21:01,"Did anyone get Swiggy One Benefit extended for ₹1 yesterday?
So until the day before yesterday, the extention was showing at ₹30. I was like I'll do it later and kept procrastinating until yesterday when I was ordering and saw that the extension was showing just at ₹1.
Was it just me or you all got it as well?"
reddit,mixed,r/swiggy,1mjdiw1,Impressive_Web_4220,3955,2025-08-07 00:34:11,"I signed up to be a Swiggy rider just to collect my own orders.
I signed up to be a Swiggy rider just to collect my own orders. I live right in the middle of the city that too right on the main road and literally all major resturants are at walking distance, but I place over 60+ orders a month just through Swiggy and had the random thought of signing up as a delivery agent also to just pick up my own orders and reject everything else, so I did that and singed up and made an order and got assigned myself as the delivery agent ans got paid 25, I tipped myself 20 cause why not, then I again ordered from another resturant and this time I had to reject like 2 orders until I finally got mine and Swiggy charged me 30 in penalty.
Making my earings just 20 pitting myself I tipped myself 1k, just to simply bolster my Swiggy income and then at midnight I again placed an order but got someone else's so had to reject but 30 got taken making my earings -10, this time I gave up instead of trying to get my own order, 

I have learnt that at max I can reject 2 orders a day and after which close the app for the day and only open the next day when you are ordering."
reddit,mixed,r/swiggy,1mjbwcr,protagonist-of-life,2,2025-08-06 23:33:08,Has anyone got 500 Swiggy free cash after applying Swiggy hdfc card by going below way?
reddit,mixed,r/swiggy,1mj9e5e,Only_inOhio,13,2025-08-06 21:59:47,"Has Swiggy raised the platform fee?
Has Swiggy increased the platform fee from ₹11 to ₹12? Last week I had checked the platform fee was ₹11. Also the platform fee was ₹10 plat fee+₹1GST on plat fee. Now it’s showing ₹12."
reddit,mixed,r/swiggy,1mj0wzf,seventomatoes,6,2025-08-06 15:53:42,"Swiggy using rapido to deliver. And messing up with no OTP
I ordered from Swiggy today. Got the order in time. Delivery person asked me for OTP. That sometimes happens so i checked my app but no otp. Checked my sms, no otp. Checked my spam, no messages from Swiggy. He said he is from rapido, it's a new thing, where Swiggy is using rapido for some deliveries. 

Waited for an hour. He got in touch with his backend. I got in touch with Swiggy, first via chat, then they called me, told them I have received the order but not the otp. They said they will try to resolve. Finaylly they marked as bot delivered for him and he left upset as without that he won't get more orders.

What a stupid system. When delivery person is at address per maps. When u can call the phone number of oder placer(me ) and I'm confirming that order is delivered, should you not mark it as delivered ? Feel sorry for him and angry at an inadequate system."
reddit,mixed,r/swiggy,1mix0fg,Inevitable-Revenue37,43,2025-08-06 11:44:00,What kind of product photo are you using? Atleast use a clean bottle🤦🏻‍♂️
reddit,mixed,r/swiggy,1miwsg7,Relevant-Pound4411,71,2025-08-06 11:30:39,"delivery distance doubled up.. now the same restaurant is not under ONE delivery, charging Rs 80 as delivery charge😢
delivery distance doubled up.. now the same restaurant is not under ONE delivery, charging Rs 80 as delivery charge. Have you faced this?"
reddit,mixed,r/swiggy,1miu3ak,Reasonable_Check2710,16,2025-08-06 09:00:43,"Unable to get refund for spoilt fruits
I ordered fruits last night. Most of them were spoilt. But when I tried to ask for a refund on chat THIS MORNING, they are asking me to email it. I am not able to chat with an agent. The chat bot won’t let me.
Have they stopped giving refund? Or was I too late in asking for it?  Maybe should have asked for it within 2 hours of order? 
Please help 🙏"
reddit,mixed,r/swiggy,1mieyln,Opening-Cut9218,9,2025-08-05 22:38:45,"Swiggy cancellation fraud by Swiggy

I did not receive my order on the train.

the restaurant and the delivery partner made the delay and the train left station.

then swiggy calls me and tells me that we are cancelling your order and charging you 100% cancellation fee. Ask me to go on chat for refund.

 I contact swiggy on chat and they are saying I cancelled the order and you will be charged 100% cancellation fee. Then they tell me to contact email team now.  

The email team says the same thing and blames me for cancellation and no refund given 

I want my Rs 344 back. This is your chains fault. Don't put it on me. Not acceptable! 

Thanks for using Swiggy!

Your Swiggy order #213294485481423 has been cancelled. You will be charged a cancellation fee for restaurant services of Rs 344.0. We hope to see you order again soon.


If you need more support, please write to us on www.swiggy.com/support .


Order No:

213294485481423

Restaurant

Burger Hub

Cancelation Time:

2025-08-05 08:53:20

Your request number is 25658839."
reddit,mixed,r/swiggy,1mi0c5m,Elixer_of_Life,1,2025-08-05 10:35:23,"Swiggy onboarding issue with video tutorial
I’ve finished everything for the delivery boy onboarding — uploaded documents, did the steps, all that’s done. But I’m stuck at the last part where I have to watch the training video. It’s not loading at all, just keeps buffering no matter how many times I try or which network I use. I’ve tried restarting, changing internet, but nothing’s working. Can"
reddit,mixed,r/swiggy,1mhzoed,picodegalieo,24,2025-08-05 09:58:24,"surge fee on black membership orders also
the math ain't mathing. what's the point of black if they can't even give the basic benefits atp??? no surge fee. really? where? free deliveries before 10am? where???"
reddit,mixed,r/swiggy,1mhc5ck,Confusionoverloaded1,0,2025-08-04 18:02:14,"Received beef instead of Mutton!! Now swiggy isn’t responding

I ordered mutton and received beef instead. I've reached out to swiggy via chat, they said it'll take 6 to 8 hours to respond.  Still nothing. I've even posted about it on X and added swiggy to it. I guess they just ignored it. Been hours Still nothing. 

Money down the drain, I had a function at my home and ordered it for one of the guests. They took it home and an hour later, I received these photos from them. The curry was filled with fat ""chikna"" not even edible. They had to discard it.
It was damn embarrassing and swiggy isn’t even responding.

Please repost my X post, it'll be helpful.  
What else can I do? Suggestions? 


https://x.com/thepuzzledpoet/status/1952063964310855871?t=bV7rwnW8oKIGacgWhUdeMA&s=19"
reddit,mixed,r/swiggy,1mha1mb,Symbioticbot,214,2025-08-04 16:14:47,They just reversed the cancellation fees after not using it for 2 years...
reddit,mixed,r/swiggy,1mh88tm,KnobheadNeighbor,1,2025-08-04 14:22:16,"How are Dineout pre-booking charges shared by the eatery and Swiggy?
I wrongly booked 3 seats in a restaurant for a date when we won't be showing up paying Rs 75 total. Now while the pre-booking charge can be redeemed while paying the bill via Dineout app on the day you've booked the table for, what happens in case the customer is a no show? I am assuming the table booking charges are split between Swiggy and the eatery. What is the rough split? Thanks."
reddit,mixed,r/swiggy,1mgvz0m,sad-_-life,169,2025-08-04 03:33:10,"Delivery partner OTP fraud - almost fell for it
I’ve been a loyal Swiggy user (even have the HDFC card), so I’ve always trusted the platform. However today, I ordered from Taco Bell and the restaurant called and said the delivery guy was refusing to pick up the order. I figured it’d get canceled or a new rider would be assigned.

But 1.5 hours later, I got a notification saying the rider had “arrived at doorstep.” Then he called and asked for the OTP (before delivering anything). I refused. He claimed he couldn’t pick up the order and “Swiggy needs the OTP to assign a new rider.” That felt fishy, since customers aren’t usually involved in rider reassignment. I told him to deliver first, then get the OTP. He hung up.

When I contacted Swiggy support 2 hours later, they said the rider claimed he had an accident and the order was spoiled on the way. But the restaurant had said he refused to pick it up it the first place. So he likely lied to Swiggy and tried to scam.

I’m so used to giving OTPs over the phone for packages (Bluedart, Xpressbees etc.) when I'm working from office that I almost gave it out this time too :')"
reddit,mixed,r/swiggy,1mgqwm5,Chillguy-2002,0,2025-08-04 00:10:34,"My First Order on Swiggy Instamart – Mixed Feelings
Just tried Swiggy Instamart for the first time. Ordered a few essentials — Yoga Bar rolled oats, 100g almonds, a handwash refill, 1kg potatoes, and whole wheat bread.
Delivery was super fast — received everything within 10 minutes, even though I’m ~6-7 km away from the store. That part really impressed me.

✅ Pros:

•	Fast delivery

•	Decent packaging

•	All non-veg items (oats, almonds, bread, handwash) had fresh expiry dates

•	Prices are almost the same as local retail shops, sometimes even cheaper

❌ Cons:

•	The potatoes were low quality. Didn’t look fresh at all. Definitely recommend buying vegetables from your local vendor where you can see and choose them yourself.


This was just a trial run — next time I’ll try ordering more vegetables or maybe dairy items to test their quality.


Rating for today’s experience: 7/10, mostly dragged down by the bad potatoes.

Thank you 🙏♥️"
reddit,mixed,r/swiggy,1mgohqc,FlashyPreference7257,9,2025-08-03 22:36:08,"Cancellation charged for a Duplicate Order
I recently ordered from swiggy, late at around midnight. While I was waiting for my order, I saw a man on a bike stop near my house with the dessert I ordered. I went to the gate to receive it. He gave me the bag, while I paid him in cash. He asked if I had UPI, to which I refused. He took my money, and went.

I came to my room, my sister and I opened the box and we started eating. Suddenly I received a phone call. There was a man on the other side claiming he was at my house to deliver my food. I said I just received what I ordered. He hung up. Soon I got a call from swiggy customer service, where this man who as adamant on the fact that the order isn't delivered yet, and if I wanted to accept the order. Obviously I said no, because I had already received what I wanted, and why would I receive it twice. A while later, I saw this message pop up, that read my order was cancelled and a full cancellation fee has been charged on my next order.

I took this to rhe customer service. They said there is a dedicated team to handle cancellation issues, and that I needed to contact the team via email. At first I asked them to resolve the issue either over phone call or through the chat box. They did call me, but kept saying I would have to mail them. I shared them the proofs of me receiving the order (CCTV footage, with time stamp) and the order itself with the box and bag. After all this debate over phone and chat box late after midnight, I decided to mail them with some hope of getting this sorted. I mailed them explaining everything, with the proofs attached with the mail. But then I received this response from them that Cancellation fee is irreversible.

Now I can't even delete my account, cuz I have pending charges. 

If someone has already experienced this, PLEASE HELP!!"
reddit,mixed,r/swiggy,1mgisn4,BLITZTAKU,822,2025-08-03 18:36:36,"Swiggy is faking tracking updates to cover up late deliveries — caught them red-handed with proof
So this just happened.

I ordered from Swiggy today and the app told me everything was fine: “preparing your order,” “6 minutes left,” etc. Sounds normal, right?

But here’s what really happened:
The delivery partner was already at the restaurant, just standing there. The app deliberately showed false status updates and a countdown timer to make it seem like progress was happening — but nothing was. It stalled for over 15 minutes, and my food arrived late despite their so-called On-Time Guarantee.

I’ve attached a screenshot that clearly shows this deception:

Delivery guy at restaurant

App still showing “6 mins left”

No change in status for a long time


This isn’t just about a late order — it’s manipulating user trust and gaslighting through the UI. That’s a massive red flag.

I’ve contacted support asking for compensation and an investigation. But how many people just silently accept this manipulation?

Has anyone else faced this kind of shady behavior from Swiggy or Zomato recently?

Let’s not normalize this."
reddit,mixed,r/swiggy,1mgeshp,seventomatoes,8,2025-08-03 14:43:26,"To restaurant owners: fewless oil, no dairy choices
I wish there were a few more restaurants like The Great Punjab, Pune that had few dishes that had less oil, no cream, no dairy, less red chilly, still tasty for people like me as made with garlic and pepper, so young child friendly and not so oily.

Don't need to charge less compare tovyour regular food. Will probably take a few more minutes to cook this so it's understandable. Plus have to keep seperate stock of mixtures so not possible for every small restaurant. But for few that can: people like me will appreciate and order.

Great punjab is more than 7km from my flat so need to wait longer and pay more for delivery fee and the delivery person generally complains why I ordered from so far even if I do give Rs.25/- tip.

Attached image from.menu for reference"
reddit,mixed,r/swiggy,1mgcyjs,0xlostincode,15,2025-08-03 12:41:58,"What's the catch with Swiggy x Kalyan Jewellers offer?
https://preview.redd.it/j7fvtncc8rgf1.png?width=1080&format=png&auto=webp&s=1dbac4739db0fbc078b2f5b9f49d4b135251fb2d

Swiggy is offering a 2100 Rs voucher with any order of rakhi on Instamart. You can buy a 15 Rs rakhi and still get this gift card.

This sounds too good to be true so I wanted know if anyone has actually used the Kalyan voucher successfully and what are the terms and conditions for it.

I searched on the internet but no one is actually talking about the TnCs everyone is talking about this offer as if Swiggy isn't shoving it in front of everyone's face already.

My best guess is that this offer is only available for selected jewellery whose price is already adjusted for the discount to give you a fake discount. For example some jewellery with an original price of Rs. 10,000 would be on display with Rs. 12,100 so they can apply a Rs. 2,100 discount without losing any money. (Just an example)"
reddit,mixed,r/swiggy,1mgbj0b,satishs2,6,2025-08-03 11:12:43,"Ordered Milk and bread from Swiggy, the milk was spoiled and waste"
reddit,mixed,r/swiggy,1mgaopb,Exokkaepi8053,2,2025-08-03 10:22:40,"Snapchat/Swiggy for friendship day coupons for ₹150
saw an ad on snapchat for this - there are E coupons worth ₹150 that people can distribute to friends via swiggy? has anyone here tried it?"
reddit,mixed,r/swiggy,1mg0l51,WaltzOne7660,0,2025-08-03 02:05:17,Are restaurants losing money silently to Swiggy/Zomato refunds and missing payouts?
reddit,mixed,r/swiggy,1mfu9wh,Used-Wrongdoer-1466,39,2025-08-02 21:37:40,"Swiggy is delaying delivery even though food is ready.
So I recently ordered food from a restaurant just below where I work which is only 1.5km away. It showed 45 mins which was okay since it's a famous restaurant. 10 mins later I check it shows that a delivery guy will be assigned once the food is about to get ready in 30 mins. I called the resturant up and asked them why is the food taking so long. To my suprise the food is already ready and there are 3-4 packages ready to be picked up by Swiggy but no delivery partner has arrived. 

I called Swiggy customer support and told them that food is ready so why is the app showing its still being prepared and their response was it's the system which decides to assign the partners when they want. 

This is so annoying the food will be kept there for next 30 mins and it will be cold. The fucking rotis will be rock hard. 

So I decided to do a uno reverse I called my friend who's the owner of the resturant told him my situation he will make the food 5 mins before the delivery guy reaches. Perks of knowing the resturant for a decade. 

But #fuckswiggy"
reddit,mixed,r/swiggy,1mfph6m,SiddharthGupta93,0,2025-08-02 18:05:13,"Ordered ghee from swiggy gave fake potato ghee
Complained on swiggy instamart on they said contact thru email 
Got response that they cant do anything about this"
reddit,mixed,r/swiggy,1mewikc,MediocreLetter9987,68,2025-08-01 18:58:55,Why is Swiggy charging such high platform fees?
reddit,mixed,r/swiggy,1me8tie,Objective_Hearing733,79,2025-07-31 23:36:11,"No refund for the burnt food from Swiggy
I had ordered a burger from Burger king via Swiggy. And the chicken patties inside were burnt too much. I shared photos with swiggy too and they did not provide a refund to me. My order amount was Rs.235. Swiggy instead gave me coupon for Rs.47 for my next order. Is this this a joke?

I'm not going to be ordering from Swiggy dude...."
reddit,mixed,r/swiggy,1me1fq7,Hour_Woodpecker_906,4,2025-07-31 18:52:18,"I've been seeing some new brands on swiggy Instamart for bread and wanted to know which ones are better.
I've been seeing this new brand on Instamart that I've been thinking of trying 
So far only tried Health Factory breads, and I like them

Two other ones that I noticed are:
Noice breads
The baker's dozen 

Are these two brands good? Are there any other that I should go for instead? Thanks!"
reddit,mixed,r/swiggy,1mdvxsm,Born_Appearance_1061,2,2025-07-31 13:50:56,"Swiggy account deactivated - International Number
My sisters lives abroad and has a swiggy account with her international number. It was working absolutely fine for 3 months and one day it abruptly got deactivated. 

She’s sent emails to the swiggy support but they keep asking for a registered email ID but the only information used for creating an account is the phone number.

Has anyone faced this situation before?"
reddit,mixed,r/swiggy,1mcggh4,natsu_jo_gio_d_uzu,6,2025-07-29 22:12:03,"Is swiggy struggling with order deliveries these days?
As the title says ive ordered like recently from swiggy and the restaurant makes the food and sends them but like theres been always an issue with the delivery driver these past weeks   
first the dude doesnt move at all and customer care as usual doesnt have any idea how to do their job  
second the dude picks up my order but takes forty minutes to deliver the restuarant was 3kms away  
third the food is prepared and waiting but swiggy has no one to pick up my food?  
is this just me or is this everyone rn?"
reddit,mixed,r/swiggy,1mc8jl8,SwimmerPlus3383,14,2025-07-29 16:39:40,Swiggy Instamart Loot Search: Mamaearth and get huge discount
reddit,mixed,r/swiggy,1mc6hzh,Quirky-Jellyfish-288,3,2025-07-29 14:33:55,"Ordered noodles from swiggy but the delivery partner refused to deliver my order for no reason
I ordered instant noodles because it was raining expecting them to be delivered in 20 minutes max but you know what? The delivery driver just refused to deliver my order after roaming around, he said that he was waiting at the door for a long time and tried to call but I didn't get a call and if he had entered my society the guard would have definitely called before letting him in and then he just left, no call, no message just left this is the second time this has happened to me, the customer care wasn't much help either since they couldn't do anything to make the driver to get the driver to move."
reddit,mixed,r/swiggy,1mc5r7z,Dynamic_emotions,46,2025-07-29 13:44:31,"Swiggy black is not as you expect, no priority delivery
I ordered from Swiggy and they didn't prioritise my order despite being a black member. I'm tried complaining and they tried to deflect to the delivery guy when it's clearly a Swiggy issue."
reddit,mixed,r/swiggy,1mbk3jd,No_Werewolf_3869,355,2025-07-28 21:29:32,"Please explain the economics of swiggy on the order of ice cream
Ice cream worth 500 and i got atleast or around 30 ice packs"
reddit,mixed,r/swiggy,1mbij7s,DARK_VENGER,2,2025-07-28 20:30:50,"Can I visit the store and buy the needed items?
I want to buy hotwheels, can I visit and buy? and if yes how to fing where the store is?"
reddit,mixed,r/swiggy,1makwh4,Tasty_Ad_5612,2,2025-07-27 17:50:22,"Black Money, Dumbagents and Drunkcoding only on Swiggy
So I saw Swiggy Black membership listed for ₹25 on my account. Cool, right? Decided to go for it. But on the payment screen, it suddenly showed ₹30 instead of ₹25. I didn’t think much — ₹5 extra, maybe taxes or Swiggy being Swiggy — and made the payment.

Plot twist: After payment, they activated Swiggy One instead of Swiggy Black. I was like, okay… maybe this is an upgrade?

Tried cancelling it immediately — and now it says I paid ₹25 and will get a refund of ₹30.
Bruh.

Welcome to the magical world of drunkcoding.

And just when I thought it couldn’t get more confusing, I reached out to customer support.
Not sure what the agent was trying to explain, but if someone can decode her response, let me know if this is related to Black Money 😅

Attaching screenshots for your entertainment. Enjoy the chaos."
reddit,mixed,r/swiggy,1maja9k,anteSundaraniki,2,2025-07-27 16:18:00,Seeking advice on drafting my consumer forum complaint on Swiggy's harrasment
reddit,mixed,r/swiggy,1mai5pu,Euphoric-Fig-5391,5,2025-07-27 15:05:31,How do i link my existing swiggy hdfc card to swiggy??
reddit,mixed,r/swiggy,1mafhjr,HairyTelevision-hehe,4,2025-07-27 12:11:09,"My swiggy account got suspended, don't know what to do
I am a college student and I live 1200km away from home. I REALLY REALLY need Swiggy and Instamart. Ek toh I've decided to not take mess also this year so Swiggy becomes even more important to me. I tried emailing them but they said there's nothing they can do about it. What do I do :(


Edit: It's active again, maybe it was a glitch or maybe galti se unhone kr diya tha idek. You guys are extremely extremely mean. I panicked and mujhe laga ke puch lete hai dusro se if they have faced similar issues. Agar help nahi karni toh theek hai, kya milta hai by having so much negativity in your heart. Screw y'all bhai genuinely."
reddit,mixed,r/zomato,1n1irgs,PP799p,0,2025-08-27 20:05:34,"Fast delivery option
Ye option Jab se aya hai bina matlab kai multiple order mai daal raha hai order pickup hu  jo ki location se 3 k.m. dur tha lakin nahi dusra order lene 5 k.m. or dur gaya jo ki mere location se 1 k.m. kai distance se cross hokar gaya isliye aaj  se khud jakar le aunga food chalega jaruri type laga tabhi mangaunga"
reddit,mixed,r/zomato,1n1fvx6,rambo_619,0,2025-08-27 18:08:50,Festival Platform fee wtf
reddit,mixed,r/zomato,1n1el40,Sweet-Potato9083,13,2025-08-27 17:06:34,"Fungus in cake from Venus bakery, Bandra"
reddit,mixed,r/zomato,1n1dx2e,GoldCoach1751,1,2025-08-27 16:31:20,"Urgent: Zomato Gigs Slot Booking Failing & Sudden Silver to Blue Downgrade — Need Immediate Help!
Hello

मैं पिछले 3-4 दिनों से लगातार Zomato gigs स्लॉट बुक करने की कोशिश कर रहा हूं। स्लॉट 3:35 बजे open होते ही on time बुक करता हूं, लेकिन ऐप लगातार ""slot full"" दिखा रहा है।

साथ ही, मेरी madle पहले Silver थी, जो अचानक Blue (lower level) में downgrade हो गई है, बिना किसी सूचना के।

इस वजह से मेरी कमाई प्रभावित हो रही है और मुझे तुरंत इसका समाधान चाहिए। Zomato support से भी कोई ठोस मदद नहीं मिली।

क्या किसी को इसी तरह की समस्या हुई है? क्या कोई तरीका है जिससे issue जल्दी resolve हो?

मैं गंभीरता से इंतजार कर रहा हूं। धन्यवाद!"
reddit,mixed,r/zomato,1n1db4f,jatinag22,26,2025-08-27 15:56:55,"Zomato is charging 33% Gst? Am I missing something?
Item total = ₹21
GST on item total = ₹7
So they are charging 33% gst?"
reddit,mixed,r/zomato,1n0oi3k,TheBuzzinga,93,2025-08-26 20:41:43,"So done with Zomato: Order Delays & VIP mode
Orders usually arrived in 30-40 minutes, but since VIP mode was introduced, deliveries now often take over an hour due to delayed assignment of delivery partners or bundling with other orders. Despite giving Zomato several chances, I believe this is a deliberate strategy to push customers toward VIP mode. I’m gold member, god knows what normal orders go through!! The result? Cold food, constant follow-ups, and a hungry, frustrated me, regretting every order. After 8 years of loyalty (first order: 18/9/2016 - Freshmenu), Zomato's greed has driven me away. Goodbye!"
reddit,mixed,r/zomato,1n0j9ei,overthinkinglightly,0,2025-08-26 16:59:28,"Zomato is also celebrating ganesh utsav and you ?
I'm very excited 😊"
reddit,mixed,r/zomato,1n0fcwg,Ok_Importance_6057,3,2025-08-26 12:58:24,"Inside India's food delivery mutiny
https://www.livemint.com/industry/food-delivery-india-restaurants-revolt-zomato-swiggy-commissions-kfc-foodtech-startups-india-11756114243012.html"
reddit,mixed,r/zomato,1n038zh,YouConfident1936,0,2025-08-26 02:57:39,"Let’s talk about the real scam behind Swiggy & Zomato 🚨
I recently had a bad experience with Swiggy — ordered food at 1:30 AM, only to be told after almost an hour that the restaurant didn’t even have the items. By then, all other places were closed.

All I got was a refund + ₹40 “compensation.” That doesn’t fix hunger, doesn’t fix lost time, and doesn’t hold anyone accountable.

But this isn’t just about one order.
Food delivery apps have become a scam disguised as convenience:

Inflated prices compared to dine-in

Platform fees, packaging charges, surge pricing

Refunds of ₹20–₹40 for late/cold/missing/inedible food

Bots + keyword-trained support, no real accountability

Restaurants forced to hike prices because of 25–35% commissions

Delivery partners underpaid, penalized, and pushed to unsafe driving


The so-called “convenience” ends up being more inconvenience.

👉 I think it’s time we share our experiences and hold these apps accountable.
I’ve started posting on X with hashtags #SwiggyScam #ZomatoScam #FoodDelivery #ConsumerRights and I invite everyone here to do the same.

We can also use a custom hashtag to unite stories:
#HungryBecauseOfSwiggy or #DeliveryScamIndia (open to suggestions).

If enough of us share, maybe we can actually get these hashtags trending and force them to fix their broken systems.

So — what’s the worst experience you’ve had with Swiggy/Zomato? Drop it here, and if you’re posting on X, use the hashtags so we can amplify each other."
reddit,mixed,r/zomato,1mzzdou,Gloomy_Welcome2152,453,2025-08-26 00:30:48,"All are suffering including restaurants: Quitting zomato soon
This is last week’s payout. One of our outlets earned 0. Their strategy is simple. For the first few months, give a very good earning with low ad spending and good ROI, and later make them suffer. Cloud kitchens can’t survive, and if they do, then God knows what quality material they are using and how hygienic they are."
reddit,mixed,r/zomato,1mzwsss,zartaj0,1,2025-08-25 22:55:05,What happened to zomato?
reddit,mixed,r/zomato,1mztzjg,Mo_h,2,2025-08-25 21:12:26,"Dignity of Labour for disabled- Heartwarming to see handicapped gig workers
[https://www.youtube.com/shorts/z4ciF2IuokM](https://www.youtube.com/shorts/z4ciF2IuokM)"
reddit,mixed,r/zomato,1mzt25l,AK_h3re,619,2025-08-25 20:38:32,"Jesus just delivered my food!
Blurred his last name for due to privacy reasons."
reddit,mixed,r/zomato,1mzjdnn,Important-Rutabaga95,231,2025-08-25 12:19:40,"DROP YOUR SPENDING
I honestly dk whether to post this or not and after you see mine just know I’m actually slim"
reddit,mixed,r/zomato,1myzw4y,vasurb,1,2025-08-24 21:47:56,"they are just trying to extract money at this point making , your gold or other subscriptions useless
https://preview.redd.it/rejnrsqyszkf1.jpg?width=1440&format=pjpg&auto=webp&s=6f16a1b6e4b57cea15121f9e6a2d09d9864c97bc"
reddit,mixed,r/zomato,1myzf5j,Safe-Dragonfruit-650,0,2025-08-24 21:30:38,"Zomato/Swiggy stealing users money!!
Ordered an item in Zomato today and out of curiosity went to Google to see the reviews of the restaurant. Found that that item I ordered for rs 135 on the app was just 80 rs at the hotel. Called the restaurant and confirmed the price. Also checked with the owner(as it was a small restaurant, owner picked up the phone) and he again pointed out that he gets rs 80 only per item. This is a 70% markup on an item. Please mind that delivery charges and platform fee is separate. 

I am ok, if Zomato says 80 rs as item price and 100 rs as platform price. But they can't hide the truth and steal money from the users. 

This is day light robbery!!"
reddit,mixed,r/zomato,1myx7at,MathematicianNo1198,145,2025-08-24 20:05:17,"Intact seal food is not mandatory.
Revived food without any seal on the box or the packet it was in. When raised concern they say it's not mandatory to have seal. How can I be sure that my food is not altered? Craxyy."
reddit,mixed,r/zomato,1myvjne,Human-Confection-683,0,2025-08-24 18:56:12,"Whom should I doubt Subway or Zomato
Received an broken seal package from Zomato also ingredients were not which I placed in order"
reddit,mixed,r/zomato,1myph02,dopplenger,27,2025-08-24 13:13:32,Is it real GST on restaurant packaging charges
reddit,mixed,r/zomato,1mypdxy,_drsanjay,0,2025-08-24 13:08:03,The harsh reality.
reddit,mixed,r/zomato,1myn6gh,THE-ULTIMATE-SAVAGE,10,2025-08-24 10:52:40,"This is how my order was delivered and when I try to upload pics, it says upload failed"
reddit,mixed,r/zomato,1myg45f,Anime_no_,4,2025-08-24 04:46:21,"Fuck this Bot man
Asking me to mail and can't talk to the associate"
reddit,mixed,r/zomato,1my8xm4,alt_account_299,1,2025-08-23 23:52:22,"Tell your insane (good or bad) experience with Zomato... (With OID)
Same as title, and yeah do mention the order ID."
reddit,mixed,r/zomato,1my7n7b,NoLoan9591,0,2025-08-23 23:03:25,"Worst experience on Zomato ever
I ordered the food and waited 40 mins then got delayed another 30 mins + 10 mins and over an hour in total and when I finally called the delivery guy asked me to come 100- 200m away from my PG. I stood there in the rain for 15 mins, only to see my order marked as delivered and then I raised a complaint and all I got was just the refund I paid, no compensation at all. Even after explaining, they just denied. Honestly the most frustrating experience."
reddit,mixed,r/zomato,1my4gro,ps1262,185,2025-08-23 21:00:29,"This is how Zomato Delivery person threatens on call after marking the order as delivered without actually delivering it.
I ordered from restaurant on Zomato (Order # 7193660485) and the order was prepaid (big mistake). It was picked up but after few minutes it was marked as delivered but I hadn't received it. I called the delivery person who on my first call (which I didn't record as I didn't know what was coming next.) told me that he couldn't deliver since it was raining. When confronted as to why he marked it as delivered (because I have now lost money without my fault) he cut the call. **I recorded the second call (N**ot able to post link here) **where he first refused to deliver and when I warned him about complaining to Zomato, he said do what you can (""Jo ukhaadna hai ukhaad le"").**

Zomato AI support is unhelpful as always. When I chose the option of ""I haven't received the order"" it straightaway asked me to email the issue and provided no other resolution.

I understand that it was raining but marking an undelivered order as delivered is punishing the customer without any fault.

Edit1: Call Recording added in comments."
reddit,mixed,r/zomato,1mxxywl,Pallavika-singh,335,2025-08-23 16:02:19,"Zomato x wendys
I ordered food from Wendy’s today, and for the first time, I also ordered a Coke. It’s been over an hour and I still haven’t been able to open the bottle, the cap design is completely faulty. I tried everything, but it just won’t open. To make it worse, Zomato support was of no help and the restaurant isn’t answering calls either. This is extremely frustrating. Honestly, with such poor packaging/design, I don’t think I’ll ever order this again. Please explain how one is even supposed to open this bottle without wasting so much time and effort. My hands are literally paining now"
reddit,mixed,r/zomato,1mxjnhn,pratap_aayush21_,71,2025-08-23 03:24:30,"crossed 10k in ""savings"" by ordering 250 times, share yours"
reddit,mixed,r/zomato,1mxjfsg,AcanthocephalaNo310,12,2025-08-23 03:15:34,"Help
Why tf I am getting calls at midnight from zomato and this has happened 2 times in this month one on 14 and second today"
reddit,mixed,r/zomato,1mxj9fp,SugoiSenpie,7,2025-08-23 03:08:30,"Faasos/Wendy's/Honest Bowl/Behrouz Biryani/Firangi Bake
So not exactly an issue with Zomato, but considering that Faasos, Wendy's, Honest Bowl, etc. like 20 brands are being run from the same cloud kitchen, I would recommend avoiding them completely. Their food is subpar, the quantity is horrible.

Look at the size of that chicken party, that firebolt tandoori burger costs Rs249.

And the creamy chicken rice bowl from Honest Bowl also costs Rs249 but the bowl wasn't full & there was barely a spoonful of gravy in it.

Thankfully I got it from 1+1 offer on EatSure app but they also sell these on Zomato, so please save your money & stay from any cloud kitchen run by these Faasos team.

I talked to their support, sent the images & they said ""this is how their food is prepared & there are no issues with the quality or quantity""."
reddit,mixed,r/zomato,1mxch3i,Such-Yogurt-1066,8,2025-08-22 22:46:28,Zomato delivery guy ate my parcel
reddit,mixed,r/zomato,1mx2rve,c1ashy,717,2025-08-22 15:56:40,"New VIP mode
i mean... a vip order with spillage would be the ultimate zomato experience(with customer care)."
reddit,mixed,r/zomato,1mwcbrf,Big_Performance3205,428,2025-08-21 19:52:23,"Zomato’s king shi
This is why zomato is the king. I ordered KFC which comes with 4 different dips. But they sent me 2 of the same, so out of 4, 2 were correct but the other 2 were the same as the first ones.
I contact support, with a pic, no questions asked, immediately refunds ₹243 for an order w/  a grand total of ₹487 just because 2 dips were wrong.

making a post cz my feed gets alot of ‘scammed by zepto,swiggy’ etc, so the one instance i needed support, zomato was top tier!"
reddit,mixed,r/zomato,1mw8hfk,Shy711,20,2025-08-21 17:08:33,"Zomato Location scam
Off late I have started to buy lunch from a restaurant regularly (almost daily). 

The distance from the restaurant to my apartment is 5.5 km. Since it is less than 7 km delivery fee is waived off.

But today to my surprise when I selected the restaurant in the app the distance is showing as 7.1 Km and 71 rs was added to the total bill.

Since zomato wanted to scam me, i took the delivery location map and marked the left side building( from the road) and put my Apartment name and unit number in the address field and saved it.

The App then automatically should the distance as 5.5 Km and delivery fee is waived off.

Dei Zomato Enakae viboothi adika patha la ne"
reddit,mixed,r/zomato,1mw5xm9,Advanced-Stable-9297,1,2025-08-21 14:43:42,"District scam
So we booked tickets for fantastic 4 a few weeks back and the show got cancelled due to a technical glitch and it has been around 3 weeks and i have still not received a refund for the same .On top of that the refund amount didn't include the convenience fee they charge.
If someone can help with me with the refund it will be muchc appreciated"
reddit,mixed,r/zomato,1mw0ye9,Odd_Work_6978,7,2025-08-21 09:43:34,"Scam on item missing
Idli was missing and I contacted support and these scammers said they don't able to do anything, just saying flagged internally, worst customer support ever.

Restaurant name: Hotel New Sridurga Bhavan, Mysuru"
reddit,mixed,r/zomato,1mvyjdt,Atharv_Sp,37,2025-08-21 07:43:38,"Got wrong order and now I want a refund
Yesterday on 20th Aug I ordered 1 Californian Double Chicken Burger & 1 Grilled Chicken & Cheese Multigrain sub from Fresh menu Thanr. Order ID is 7190802598
Instead I got Veg thali with Paneer gravy, Raita, Rice & Chapati.
The in app support option is useless. Kept asking me to email them with the details.
I emailed on the mentioned id and there's no reply.
What should I do?"
reddit,mixed,r/zomato,1mvs8k9,Illustrious-Basil-83,179,2025-08-21 03:09:53,"Zomato’s EV Scam
Couple of days back I ordered from Zomato (it’s my go-to app) it was showing me at every step that rider for my order is a EV Vehicle driver. This helps reduce carbon emissions in the overall carbon footprint for Zomato. And so all the deliveries would be added to EV deliveries for that particular rider.

But when I came in balcony to guide rider on where to give the order. I saw that he came on bike and it wasn’t an EV.

Now I am just thinking, it’s totally possible that the main ride (EV bike would have gone in service) but isn’t it a loop hole that when the ride is registered as EV but after couple of days it’s been changed to petrol and then all rides are count in lower carbon emissions for companies like this. But in actual they are just doing it to create the hype and just false notions of caring about nature.

What are your thoughts on this front of this companies?"
reddit,mixed,r/zomato,1mvok07,badluck678,0,2025-08-21 00:53:29,"Did zomato scammed me? So i ordered something today and then I got a call from  a zomato executive from their contact no. that if i rate 5 star to my order then on next order I'll get 20%-40% discount. Then now I'm ordering i ain't getting any discount. Am i scammed? The call was from zomato only .
Title"
reddit,mixed,r/zomato,1mvirs4,Even-Willingness-214,0,2025-08-20 21:27:14,"how to cancel order on zomato?
how to cancel order on zomato? Literally just ordered and its not cancelling, the order has not been made, tried everything. Kindly suggest smthn."
reddit,mixed,r/zomato,1mvgodo,Superb-Buddy-7831,1,2025-08-20 20:10:40,"How to download and invoice from district?
Hey guys, my team and I went out for lunch and I have to submit the expense report for which I need the invoice.

Does anyone know how I can download that from District?"
reddit,mixed,r/zomato,1mv23z7,New_Middle_8367,38,2025-08-20 07:31:09,"Drop down your spending
just curious how much have you guys spent till now..."
reddit,mixed,r/zomato,1mup26y,The_Guarantee_Luke,4,2025-08-19 22:59:55,"Merged my order with 2 more orders and then denied any response
I just ordered from a restaurant which is merely 2 kms away from my house. The delivery partner was waiting for recieving the other person's order for more than 15 minutes in which my order became cold. I had to reheat it and it became really soggy and on top of that they have a bot to auto reply, and it won't even connect you to an agent. Even if you ask to be connected to an agent they will say that we understand and blah blah blah and done, no other response.
What the fuck kind of customer service is this bro seriously, first you delay my order, then make it cold as ice, and deny any responsibility or any contact with customer care representative.

Zomato is really going downhill. Zepto wala haal kahin zomato ka na hone lage ab r/FuckZomato.

And this isn't the first time, the same thing happened before with me and with someone else as well on this sub.

Edit - I tried filing the complaint with zomato again and this was their reply this time.

""We’re sorry, we are unable to take up your concern at the moment due to limited support. We’ll be happy to note down your concern and will get back to you over an email within the next 24-48 hours."""
reddit,mixed,r/zomato,1mulf3x,No_Cherry9602,1,2025-08-19 20:49:23,"23M, curious if Delhi wants a smoothie shop
Hey guys, I’m 23 year old software developer and I’m thinking about opening a smoothie outlet in Delhi and wanted to get a sense of the market interest. I’ve put together a simple website where you can vote. If you’d rather not share your email, that’s totally fine, but if you do, I promise I won’t spam you. I might just follow up if I see enough demand. Thanks for helping me out! Also, would love to hear your thoughts about a smoothie outlet.
Here's link - https://smoothie-buzz-tracker.vercel.app/

PS – It’d be super helpful if only folks from Delhi vote. Also, please share within your circle 🙏."
reddit,mixed,r/zomato,1muj2wo,Winter-Sir5947,259,2025-08-19 19:23:12,Thank you zomato gods
reddit,mixed,r/zomato,1mug4hj,Agreeable_Pomelo882,1,2025-08-19 17:17:06,"Anybody know something about this
Store manager is unable to do anything"
reddit,mixed,r/zomato,1mug4g3,Agreeable_Pomelo882,0,2025-08-19 17:17:03,"Anybody know something about this
Store manager is unable to do anything"
reddit,mixed,r/zomato,1mucy2h,PrabhatChaudhary,11,2025-08-19 14:15:56,"So I found the orignal Zomato AD Song
The Song name is Never Land By Sunny Fruit!"
reddit,mixed,r/zomato,1mtuzl6,cookielessbehaviour,8,2025-08-19 00:25:05,"So, my order is showing that it's been received but here I'm with empty stomach and no order 😭
adding to my misery, my order is prepaid + zomato customer support isn't replying to me+ delivery partner is not replying 

i fucking just wanted to eat my fries"
reddit,mixed,r/zomato,1mttqi6,Commercial-Paper749,4,2025-08-18 23:40:02,"Swiggy or Zomato which one is better for delivery agent?
I was thinking to join as a delivery boy for partime work in night so considering which one is best for me to join"
reddit,mixed,r/zomato,1mt0mn5,Radiant0777,42,2025-08-18 01:17:21,Saw this cute thing today!!
reddit,mixed,r/zomato,1msv3f7,Makbhartiyapro88,0,2025-08-17 21:45:59,"The box is not packed correctly and the food was touching the cardboard box but they are just saying they will be carefull next time
I am currently living in a pg and I have not taken there food plan hence I have to find my own food. Few days ago something similar to this happened too, there was hair in my food that time they gave the refund but now this and they are saying sorry we will be carefull next time"
reddit,mixed,r/zomato,1msv2gk,Living-Guard4448,0,2025-08-17 21:44:56,"Look how zomato is scamming all of us
So, I recently ordered food from zomato, before ordering i asked my wife to order from her phone(Android phone) and her account is normal zomato account(without gold), she told me the final amount then i was like ok l have the gold membership let me check on my phone (iphone 16) there i told her the final amount the difference was just too much.
She has never bought gold and on her zomato account she always get some coupon to apply but on my account even being a gold member i get none for the same food ,same location they are charging us more.
Wtf dude!
They are looting us all in the name of gold membership and one thing i have observed since i have bought the gold membership I don’t get discount coupons"
reddit,mixed,r/zomato,1mssd9w,Relevant-Switch3165,1,2025-08-17 19:59:03,Zomato's Business Strategy or Legal Fraud?
reddit,mixed,r/zomato,1msr0ft,rzr39,0,2025-08-17 19:01:33,"GST 34%?? And automatic Delivery tipping????
GST & restaurant charges 47.75 rs   for a bill of 139. Requesting any @zomato worker here to please explain the calculation & pls do not state ""and restaurant charges"" as the reason, that's literally the price they calculate for food items 
Oh and yeah automation involuntary driver tipping: stop being so blatantly pathetic for stealing customer's money."
reddit,mixed,r/zomato,1msorb4,dietmountaindew09,1,2025-08-17 17:15:19,"why the fuck do they have to give 2 orders to the same delivery guy?
delivery time originally was 35 minutes and now the order will arrive after 1 hour 15 minutes. is this fair?"
reddit,mixed,r/zomato,1msnw33,Noo_Lynxx,1,2025-08-17 16:26:59,"So no more talking with agents?
Almost 20 minutes into order and no delivery person got assigned for my order and the AI keeps telling me they cannot connect directly. 🤌🏻"
reddit,mixed,r/zomato,1mskb4s,creeper312321,198,2025-08-17 12:42:45,"Free delivery above 99 Is awesome
I can't remember zomato being this cheap anyone else loving this feature??"
reddit,mixed,r/zomato,1mshphi,Ok-Molasses3350,6,2025-08-17 10:12:34,"Feeding India, is the money really going to the right people?
Whenever I order from Blinkit or Zomato, I usually round off the bill by adding a small contribution to *Feeding India*. I prefer doing this since I tip the delivery partner separately in cash.

But I’ve always wondered, does this money actually reach the people who need it? Or is it just getting lost somewhere along the way?

Would love to hear from anyone who knows more about how these contributions are used."
reddit,mixed,r/zomato,1mshlgm,iamback29,780,2025-08-17 10:06:24,"Why do you automatically add tip
This keeps happening, I just tip once in a while if the service was good. But next the tip automatically gets added if you forget to uncheck it while ordering. Give the users option to pay a tip after the delivery not just slide it into the billing secretly."
reddit,mixed,r/zomato,1ms1dov,Unhappy-Swordfish-41,5,2025-08-16 22:43:39,"Non Veg delivered instead of Veg, Can't get help
We had ordered 2 Veg Pastas from Mojo Pizza via Zomato, one of them was Veg and one was Non Veg, tried contacting support nothing works the stupid chatbot says it can't do anything and I can't find a number to connect to any of their Call Centre, this is a major mistake in itself and that too it's happening on the day of Janmashtami. If anyone knows how to get around this please help. (Have thrown out the Non Veg box we didn't want to keep it at our place, but have photos and recording)"
reddit,mixed,r/zomato,1mrrx6f,Appropriate-Area-475,0,2025-08-16 16:26:34,Snack Corner available on Zomato and Swiggy
reddit,mixed,r/zomato,1mrnp76,Environmental-Bet602,50,2025-08-16 12:34:40,"Zomato AI is a liar!
Zomato AI does not understand the customer’s issue and the is purely a stalling mechanism. It doesn’t even hesitate to lie to achieve this!"
reddit,mixed,r/zomato,1mr6ual,Careful_Journalist82,145,2025-08-16 00:24:54,"Why I feel that AI is useless...Zomato Support AI Chatbot proves it on its own...Another Zomato Failed Delivery
Why I feel that AI is useless...Zomato Support Chatbot proves it on its own...Another Zomato Failed Delivery.....Till the last moment the Chatbot kept saying it's normal n will be delivererd even after delay f more than 1 hr at midnight time....n den came the customer care manual support....which simply said that now it's getting cancelled bcaz f unavailability of person....n I yet again had to sleep empty stomach.....as it's a small place n all restaraunts were closed by nw....whom to blame ....That delivery person, CHATBOT or ZOMATO..... God knows"
reddit,mixed,r/zomato,1mqzvtf,abhisj,20,2025-08-15 20:14:22,"Zomato Gold @₹1 स्वतंत्रता दिवस मुबारक! 🧡🤍💚
Enjoy guys! 🥳"
reddit,mixed,r/zomato,1mqsvzw,HappyStop1985,0,2025-08-15 15:04:50,"Never order from freshmenu from zomato
I have always order from freshmenu from swiggy and never had an issue. Today I decided to order from zomato and I got a chicken soup with no chicken, and a cheddar sauce chicken bowl with no sauce. Highly disappointed. I am attaching the image of how it was supposed to be and how it was received"
reddit,mixed,r/zomato,1mqs4h6,onlyOnRedditPerson,59,2025-08-15 14:20:55,"90 Mins to Deliver a order when my location is 20 mins away
So i placed a order from Persian Darbar, Lokhandwala and zomato clubbed the order.

the first order delivery is at marol and my location is Goregaon 

it is showing 90 mins to deliver the order.

it's such bullshit when i wanted to have something hot, I will be getting something very cold. Extremely frustrated by this experience.

share your worst delivery experiences so i can feel a bit better till the time my food arrives"
reddit,mixed,r/zomato,1mqr9eu,noor_1144,3,2025-08-15 13:31:08,"Zomato is a sick place they require employees to come to the office even when sick or during waterlogging. They could easily allow work from home, but instead, they prioritize their demands over our life"
reddit,mixed,r/zomato,1mqlhdi,Tiny_Spot6673,23,2025-08-15 08:21:41,"Free Apple Music
Did anyone received this benefit from Zomato?"
reddit,mixed,r/zomato,1mq4elt,SortGlad5615,4,2025-08-14 21:18:41,Buy 1 Get 1 Movie offer By Distric App ( Zomato ) Only on 15th August
reddit,mixed,r/zomato,1mq0a6w,Mindless_Passage_781,8,2025-08-14 18:41:40,"Recently I placed an order and I was delivered the wrong items which were cheaper. Zomato chat was no help, email was taking too long. Even escalating on twitter was no use. I took photos, videos and documented my communication and still nothing.
After tweeting and mailing, they refuse to budge. I finally put in a complaint with the national consumer helpline because this is not the first time this happened."
reddit,mixed,r/zomato,1mpnqmf,Good-Ad-4659,27,2025-08-14 07:34:13,"The sheer disrespect
the sheer disrespect of zomato's support experience- using an ai that is the most useless thing I've ever seen, delivery partners reaching 30 mins after food is prepped, refusing to give any actual support- is really funny 
shows the respect they have for their customer base- it's none"
reddit,mixed,r/zomato,1mpckfs,securitas2311,0,2025-08-14 00:02:45,"Scam company zomato
If i am getting stale food and as per them because of their transit concerns. They are at fault. They should shut down or invest in cold chsin or what3ver tech there is or stop delovwring altogether. Anyways my couple of thousand worth theft by them will cost them a landmark judgment soon. Anyone else who has a grievance, plz contact me. Let's take this cheat of a company down."
reddit,mixed,r/zomato,1mp5jvn,harikrish4217,40,2025-08-13 19:40:38,"Response for refund
https://www.reddit.com/r/Zomato/s/WxxvE3TjKQ
After asking for 30+ times customer support and 20+ mails they replied . Pathetic From a big organization still not even one associate spoke with me or chatted with me ."
reddit,mixed,r/zomato,1mowfvs,UNC0MF0RT4BLE,29,2025-08-13 11:28:42,"Zomato offline game
Came across this offline game on Zomato. Somewhat similar to what instagram has."
reddit,mixed,r/zomato,1moaoer,greateHackerAndCoder,5,2025-08-12 20:14:56,"Got Non veg rolls instead of veg
I had ordered 3 veg rolls via Zomato, when I received the order 1 of them was non veg.
Tried reaching out to customer care but no response, no human was there to asist it was all AI of no help.
This has taught me a that old days were good. Go down, get your food yourself.
Uninstall Zomato"
reddit,mixed,r/zomato,1mo8m7e,neorgin,0,2025-08-12 18:53:00,Guys please tell any active coupon codes that came out recently and are still usable
reddit,mixed,r/zomato,1mo7bsf,sammu12,0,2025-08-12 17:57:02,"Zomato doesn't even display that coupon codes are available (dark pattern unlocked)
I came across a dark pattern on Zomato today. Zomato no longer applies coupons directly or even displays them properly. I was about to checkout, assuming that there are no coupons available & I accidentally clicked the coupons button only to realize that there is a flat discount coupon available and Zomato is obfuscating it behind. Earlier it used to auto apply/display it prominently. So people don't even check for it everytime. Such slimy dark patterns."
reddit,mixed,r/zomato,1mo3h09,Key-Interaction7559,21,2025-08-12 14:22:23,"Zomato charged me 100% cancelation fee despite canceling under the 1 min window
As title suggests, I canceled my order when I noticed something was off with the restaurant's rating (that personalization thing made it 4.0 instead of 3.3)

Then I immediately canceled the order after seeing everybody's negative reviews, but lo and behold, I was charged 100% cancelation fees.

I canceled under 1 min, the order wasn't even prepared and these fuckers still took all my money.

There is no option to raise a complaint to their AI support. 

What action can I take to get my refund now ? I know they don't respond on email by looking at others posts."
reddit,mixed,r/zomato,1mo3eyg,Zealousideal_Tree644,58,2025-08-12 14:18:43,Zorko is really shittt!
reddit,mixed,r/zomato,1mnzr92,PrathamRana,470,2025-08-12 10:30:56,"Zomato Wasted
Damn what an ironic garbage 😭( i spotted this randomly not at all AI😭)"
reddit,mixed,r/zomato,1mnozpj,impossible_espresso,1,2025-08-12 02:28:34,Any other place to get zomato vouchers ?
reddit,mixed,r/zomato,1mndaw3,onsense15,135,2025-08-11 19:11:29,What is ordered vs what I got !
reddit,mixed,r/zomato,1mnbby8,KrK99,1194,2025-08-11 17:45:03,"Pizzeria owner here | I got fooled by Zomato customer
Another tale from my pizzeria. This time a learning experience. 

Customer ordered for a pizza. 
We got a spillage complaint on it, I glanced at the picture and it looked really bad. I gave the refund. 

The complaint also mentioned foul smell so I started investigating. We checked every ingredient even though they are freshly prepared every day. 30 mins into trying to identify, I opened the complaint image again and then it hit me. 

The image uploaded is fake. It's not even our pizza, not even our pizza box. Tried contacting Zomato support to report the fraud, was told you gave refund Suck it up lol. 

We have been refunding pretty much every time we get a complaint, but I think it's time we stop refunding customers. We ensure every product is dispatched perfectly from our end, I even have a staff always load the pizza for the rider and tell them to take it out straight and keep it horizontal always. 

What do you guys think, is my approach gonna hurt business or it's the right way forward to stop refunding so easily. 

PS: 
Just in case you guys don't know,
Refund is from restaurants pocket.

For this large pizza 

Customer paid 840 rs ( after 200 rs discount) 
Zomato got 300 as commission 
I would get 540 rs
My cost of ingredients is about 280 rs 
My ad spend for this order was about 150 Rs
Refund 540 rs 

Pic 1 : our pizza in our pizza box which was dispatched
Pic 2: picture uploaded by customer
Pic 3: complaint by customer"
reddit,mixed,r/zomato,1mn7tzz,Appropriate-Area-475,0,2025-08-11 14:24:47,"Snack Corner available on Zomato and Swiggy
Flat 75rs on orders above 299🎉


We have added many more items like Chilli Paneer, Pav Bhaji, Puri Sabji and so much more😋


Order Now on Zomato and Swiggy 💕


PS. All the food items served by us are prepared freshly from scratch when you make the order and all the ingredients used are high quality which we use in our everyday cooking.. 🩷


This is a new venture started by my mom.. do order if possible ❤️"
reddit,mixed,r/zomato,1mn6kpr,Perfect-Bus-6499,177,2025-08-11 13:01:09,"Is it zomato or is it restaurant using same image.
Same image in 4 restaurant"
reddit,mixed,r/zomato,1mn475p,jackass93269,0,2025-08-11 10:33:28,"Do NOT place ""food rescue"" orders
Zomato shows this option of ""food rescue"" to claim an order which has been cancelled.

This is why you shouldn't accept such orders.

1. These are order which are cancelled because they are delayed massively (by > 1hour) which zomato then allows the customer to cancel for free. You'll get cold food.
2. The ""discount"" shown is fake. If you go to the restaurants page, you will see that they have an ongoing discount going which is there even if you place a fresh order.
3. This enables zomato to keep providing poor service and delay orders without a care, because they know someone else will accept the cold food even if the original delivery has to be cancelled because of their delay."
reddit,mixed,r/zomato,1mmwggx,Trick-Fan6491,1,2025-08-11 04:13:24,"Are there any questions for me, a Zomato customer support rep?"
reddit,mixed,r/zomato,1mmlf9e,Live-Butterscotch373,441,2025-08-10 20:57:58,"Rotten eggs in my order
I had order chicken triple rice from a restaurant and I instead of an omlette I got rotten boiled eggs on top of it and, even the rice is spoiled and tasteless.
I'm very disappointed, where can I compain about it?
I have already called the restaurant and they said they will replace the order but they shouldn't have sent the spoiled food in the first place.
My evening is ruined.🤬"
reddit,mixed,r/zomato,1mmgyg7,Ok-Violinist-4752,1,2025-08-10 17:41:35,"Is COD not available for orders now?
Basically, I wanted to place an order with COD, but since the last few days, the app shows COD isn't available at the moment."
reddit,mixed,r/zomato,1mmfoqo,Samachar18,35,2025-08-10 16:31:53,"Zomato Rider, Seeks Help After Bike and Phone Damaged in Hyderabad Flooded Drain Accident.
[Zomato Rider, Seeks Help After Bike and Phone Damaged in Hyderabad Flooded Drain Accident.](https://reddit.com/link/1mmfoqo/video/hbnnt9jrb6if1/player)

Zomato Rider, Seeks Help After Bike and Phone Damaged in Flooded Drain [Accident.My](http://Accident.My) phone, worth ₹20,000, was also destroyed in the incident. My new SP Shine bike, worth ₹1,46,000, was purchased on finance, and I am still paying the monthly installments. Now, I have no means of earning a livelihood, as this is my only source of income. Any help or support in this difficult time would be deeply appreciated."
reddit,mixed,r/zomato,1mmexjw,Samachar18,0,2025-08-10 15:46:43,A zomato delivery worker was swept into an open drain near TKR Kaman his bike & phone gone.
reddit,mixed,r/zomato,1mm1jy3,Expensive_Soft_5594,0,2025-08-10 03:31:14,"Begging for UPI ?
What's up with these people pushing for UPI ? 
I want to pay cash and these morons start crying for UPI.
The guy kept waffling about UPI, made me wait while he was doing some thing on his phone.
(Wasn't just a 5 minute wait, it was a proper 15 minutes wait and the drinks were skilled so couple of things were kind of destroyed)
Zomato sucks.
I swear the Zomato support team is just AI.
Well I did get my money ""credited"" for the super rude behaviour from the driver after 40 minutes.
But I swear I want the driver to face the consequences, don't know how much I can do but will definitely try my best."
reddit,mixed,r/zomato,1mlwliz,Ok-Preparation8256,1,2025-08-10 00:00:38,"Help
I am getting admission in btech , my college fees is very high . College timing 9am - 4pm and sat off  , how much i can earn working in knowledge park greater noida between 7-9 pm ??


Edit : i forgot to tell i would be working with bycycle"
reddit,mixed,r/zomato,1mltx75,snowMan0007here,1,2025-08-09 22:09:58,"Zomato, please fix your delivery bags – my food was ruined in rain today
Today I ordered food from Zomato, and it’s raining heavily in Bangalore. When I got my order, the whole package was fully wet and soaked. I reported it to Zomato, but they just said it’s the restaurant’s packaging issue.

I don’t think that’s fair. I feel this is more of a Zomato problem. Why can’t they give proper rain-proof delivery bags to their delivery partners? Many times on the road I see them using very old, worn-out bags. If Zomato can’t provide proper bags, maybe they should avoid deliveries during heavy rain for the safety of delivery people and the food.

They are a big company now; surely they can afford better bags. The food was completely spoiled today since the restaurant used paper boxes, and the rain just ruined it.

Has anyone else faced this problem?"
reddit,mixed,r/zomato,1mltkjf,Affectionate_Gap5382,4,2025-08-09 21:55:40,"I canceled my order because they was no rider nearby
And now the cancellation fee is the entire amount. The customer support ends with bots. How do I get in touch with a customer service exec? And will I actually ever get the refund? 

I cancelled my order in under a 3 mins of placing the order. How can they say that they the cancellation fee was the entire amount because of the delivery partner’s efforts?

I wasn’t assigned a delivery partner in the first place. Please hellppp! thankyou"
reddit,mixed,r/zomato,1mlmrfx,Supi09,60,2025-08-09 16:34:54,"Disappointing experience
My order got stacked with another order where the first order location was 18 kilometres away and my location was 900mtrs! Got an agent after half n hour and then cancled my order after 1½ hrs!"
reddit,mixed,r/zomato,1mlmdcx,RightDecisions101,10,2025-08-09 16:10:38,"Disappointed with Zomato – Stale Food and Long Delays
Just had a really bad experience with Zomato lately. My previous order of chicken manchuria noodles arrived with the chicken looking and tasting stale—it was really awful and I couldn’t eat it. Decided to give them another chance, but now my current order is almost 40 minutes late & this is what they have to say. For the price and the hype, this is seriously disappointing. Anyone else facing these kinds of issues? Thinking of switching apps."
reddit,mixed,r/zomato,1mlkd8u,Intelligent_Buy5983,1,2025-08-09 13:54:28,How is the scene today in your area's quick commerce app
reddit,mixed,r/zomato,1mlghid,harikrish4217,17,2025-08-09 09:56:33,"No response for refund
I have ordered food from  kasthuri backery last week August 2nd but order got cancelled i should have been recieved refund on 2nd August or next day but till now i didn't receive the refund. And most importantly no response from the zomato side . Any time i request for support that bot appears answer the same thing in loop , it's  a really frustrating thing."
reddit,mixed,r/zomato,1mleand,Dean_46,5,2025-08-09 08:02:39,"Zomato's conundrum - a case study in my blogpost.
My latest blogpost discusses Eternal's (Zomato) results. 

I argue that the company is still not profitable - it's profit is less than the treasury income from undeployed funds. It faces a mix of a saturating market, which will limit growth, margins which have peaked, costs which will go up, increased competition and legal scrutiny.     
The free blog (list of articles) has other posts which may of interest to those into startups.   
[https://rpdeans.blogspot.com/2025/08/zomatos-conundrum-can-it-really-be.html](https://rpdeans.blogspot.com/2025/08/zomatos-conundrum-can-it-really-be.html)"
reddit,mixed,r/zomato,1ml7fjn,Avanthika_wheeler,1824,2025-08-09 02:50:23,"Delivery agent in wheelchair !!
Hey Folks !! I’m a wheelchair girl, and the other day I saw a delivery agent (either from Swiggy or Zomato - not sure which) using an electric wheelchair that looked a lot like a bike. Honestly, it was super inspiring! I’ve been wondering: 1) Does Swiggy or Zomato actually provide that kind of wheelchair setup? 2) Or do the delivery partners arrange it themselves? 3) Is it a full electric wheelchair, or just an electric attachment added to a regular one? Also, if the platform does provide it, what happens when the delivery partner finishes their shift for the day? Do they return the equipment somewhere, or keep it with them? I’m seriously considering signing up as a delivery partner if this kind of support is available. Would really appreciate any info or personal experiences from anyone who knows more!"
reddit,mixed,r/zomato,1ml1t4m,Rudra_z,46,2025-08-08 23:11:24,"what kind of ridiculous, highly unprofessional service is this?!
Zomato, what kind of ridiculous, highly unprofessional service is this?!
ETA before placing the order: 55-60 mins
ETA after placing the order: 81 mins
I tried cancelling it within 10 SECONDS and now you’re throwing “food wastage” excuses and want to charge a cancellation fee? Are you kidding me?

Your “help center” is a joke. It’s just an AI bot vomiting irrelevant replies while I kept asking for a REAL HUMAN to talk to. I’ve been stuck staring at “typing…” for 15+ mins. Still no resolution. Still no human.

This is exactly what happens when companies start blindly implementing AI without any logic, analysis, or accountability. Stop using buzzwords like “AI-powered support” when the reality is this useless chatbot that makes customers feel unheard, frustrated, and helpless.

You want to save food? Start by fixing your broken system that lies about delivery times and punishes customers for your own delays.

Absolutely unacceptable.
#zomato #CustomerServiceDisaster #AIFail #Unprofessional"
reddit,mixed,r/zomato,1ml070z,DJAgrwl,10,2025-08-08 22:10:52,"How to fight against low quality food.
The only way to fight this is to order from places you have been to physically, or at least have a physical restaurant with decent ratings on Google maps.

Stop ordering from unknown places (unknown cloud kitchens) if you see their ratings on zomato it'll usually be above 4* but when you check Google maps you'll see 1* mostly.  The reason zomato manipulates these ratings is probably because of higher commission.

Only when we stop ordering from these places will the system change because they're system is trained to make more money and if only good food makes money we will get only good food for our money. 

Rise above fake discounts we all know it's usually crappy food if its being sold at highly discounted (50%+) price. 

For example: You'll never get 50% discount on meghanas biryani. (Taste might be a preference but the quality is top notch imo)"
reddit,mixed,r/zomato,1mkr6q2,InvictusPee,8,2025-08-08 15:34:38,"I ordered Mexican zinger pro from kfc and I complained and gets instant refund?
So I ordered zinger pro and the chicken looks like chicken strip, complained to support and I got an instant refund, they didn’t even ask for proof 
I’m not here to rant but just curious 
Is this a one time thing or I’m getting banned from kfc😂"
reddit,mixed,r/zomato,1mkquhh,GrimReaperJ,293,2025-08-08 15:13:14,"Fake paneer used in my order
Can someone help me escalate this issue, happy to take out some time even if it means visiting the court."
reddit,mixed,r/zomato,1mk3xm6,not_Your_Enemy_69,0,2025-08-07 21:28:36,Who is she
reddit,mixed,r/zomato,1mjy5q5,dankbot333,2622,2025-08-07 17:30:55,laughing so hard my stomach hurts
reddit,mixed,r/zomato,1mj0yda,hopingrainbow,10,2025-08-06 15:56:05,"Craving chai but Zomato wants ₹200 for it 😭
Can't go outside today… just wanted a simple chai.
Zomato: “That’ll be ₹200, sir.”
😶😭"
reddit,mixed,r/zomato,1miz441,sorin_96,12,2025-08-06 13:58:57,"Why Are My Zomato Reviews Disappearing? Anyone Else Faced This?

Hey folks,
Just wanted to share something weird I’ve noticed while ordering from Zomato.

I've been a frequent customer of a few restaurants...like Navamis and BC Cafe...and I make it a point to leave a review for almost every order. Some are positive, some are negative...but all are honest.

A while back, I ordered from Navamis and found a fly in my food. I asked for a refund (which I got) and left a detailed review with photos. It stayed up for a bit... but then completely vanished. Not just that one...even the **5-star reviews** I left for them earlier are also gone. Same thing happened with BC Cafe. Once I reviewed them, good or bad, they just disappeared later.

Is this happening to others too? Do some restaurants have a way to take down reviews they don’t like? Or does Zomato filter/delete them?

Would love to hear if others have had similar experiences."
reddit,mixed,r/zomato,1mix67i,nacl_0702,2,2025-08-06 11:53:32,"Notifications
Is it just me or the zomato notifications were much better ‘copy wise’ earlier than they are now!"
reddit,mixed,r/zomato,1miw6dm,fizz5,2775,2025-08-06 10:54:20,"Had the chillest guy on Zomato Support!
My bro set me up with a 122rs coupon for late delivery of an order worth 240rs as well! 🐐 support executive 😭❤️"
reddit,mixed,r/zomato,1mivm33,robinkaushik,45,2025-08-06 10:22:16,"Customer support
I always wondered when i saw the screenshots of the support response when the order gets delayed about how bad this support could be .
Last sunday, bam! Got an order delayed for more than an hour reached out to support to cancel and the response was fine , phew got the money back ."
reddit,mixed,r/zomato,1mibd85,RealityObjective6106,143,2025-08-05 20:22:51,"Is this the future for support?
Have they mentioned somewhere it will only be AI ? Why then take heavy platform fees from each customer and technology charges from restaurants ? Is this how the future of customer support will be ?"
reddit,mixed,r/zomato,1mi82uw,Distinct-Cook920,20,2025-08-05 18:10:09,"Honestly,f*ck zomato
This is the sixth time its happening,the order got delayed 3 times and now the delivery is batched with another order"
reddit,mixed,r/zomato,1mi5a9n,Donotdisturbbpls,76,2025-08-05 15:44:28,"Don’t buy from Rominus!!!
Rominus sent us a completely raw patty and when informed about it and asked for a refund they were rude as hell!!!!!"
reddit,mixed,r/zomato,1mi4x42,simpshigh,2,2025-08-05 15:22:49,"Zomato algorithm
Hi I recently onboarded on zomato , it's been 3 weeks now
I can't find the my restaurant in top 30 , when you search the food name according to your restaurant 
Can anyone help me how to bring it in algorithm 
Though I have used free visibility ad but it didn't worked."
reddit,mixed,r/zomato,1mhifo6,impossible_espresso,37,2025-08-04 22:07:41,Magic Pin is wayy better than Swiggy or Zomato!!
reddit,mixed,r/zomato,1mhbjug,vinee537,5,2025-08-04 17:34:03,"No refund on undelivered item
I ordered on zomato,didn't get any call and delivery guy marked it as delivered.raised concern and got asked to mail.On mail they said order delivered so no refund"
reddit,mixed,r/zomato,1mh833t,Th3krak_en,33,2025-08-04 14:11:56,"“For you”rating?? Looks shady marketing scheme to me!
I’ve noticed that from last few days I see a lot of restaurants with 4.7, 4.9 ratings. I’m someone who is obsessed with ratings so, before every order I would look at the ratings and then decide if I’ll order from some place or not. But to my surprise, Zomato has introduced a misleading feature “for you rating”. How on earth a restaurant can be rate 4.4 for me if its overall rating is 3.8? Seems like an obvious trap to me!!!"
reddit,mixed,r/zomato,1mgvkmn,SuccessfulTension998,232,2025-08-04 03:16:37,"here is how restaurants are scammed, please understand.
honestly, we were paying people to eat as long as we were selling on zomato. it was the worst decision to list with them.
ROi, Adspend & Clicks on Ads were ZERO according to their own metrics. 
They sent us a message saying ""Our Ad could not complete its target so you wont be charged for it""
Another time we cancelled the Ad in 1 day, bht they charged us for the whole week.
So, large restaurant chains probably use Zomato as a Marketing Spend, they absorb the loss from Zomato Swiggy sales as part of their adspend. It is not possible to do the same for small biz's.
If we do not play their game, we get Zero orders and our restaurant wont show up unless you search for it. 
1.Pay to Play model.
2.Fake charges and bills
3.Misinformation peddled at every step
4.Impossible to speak to a Human
5.No one reverts for weeks to emails
6.Once you get them on a call finally, they say there must be some technical issue.
7.If ads run, we get non stop orders, when ads dont run we get 1-2 orders. But we are charged for ads whether they run or not.
8.Please order directly from restaurant. We will give you better prices (no Zomato commission hike) and we will not Skimp on any portion size.
9.About your refunds - Zomato takes FULL ORDER REFUND from restaurant, and to my knowledge no customer has ever recieved a full order refund, at least no one I know ever has."
reddit,mixed,r/zomato,1mgrpwo,Smarteffect99,4,2025-08-04 00:42:51,"Don't buy from Zomato
I was shown in the app that cancellation would be free but when I went through with it they still charged me money and no refund was given. There wasn't any option to reorder with the same money either. This is unacceptable and I have deleted the app as of now as cancellation is a clear scam."
reddit,mixed,r/zomato,1mgh2as,Unlikely_Courage_929,49,2025-08-03 17:06:29,"Never buying from Zomato
I got this chicken leg from a restaurant nearby, and when I tried contacting the zomato customer care, only the ai spoke with me in a very not so unresolving manner. My chats were also closed early by themselves without any proper resolution. Shame on @zomato... Don't expect me to eat this half eaten chicken.. I felt nauseas as soon as I saw this inside the pack. Disgusting 🤢🤢"
reddit,mixed,r/zomato,1mg0kfi,WaltzOne7660,2,2025-08-03 02:04:27,Are restaurants losing money silently to Swiggy/Zomato refunds and missing payouts?
reddit,mixed,r/zomato,1mfv73n,sonzar_1,10,2025-08-02 22:16:16,W support
reddit,mixed,r/zomato,1mfsbx6,Expert_Spinach_2116,984,2025-08-02 20:17:15,"Zomato scamming small businesses
Just look at this... We run a small cloud kitchen in shimla and this is weekly payout and we are only getting 61 rupees from 700 sale ??????? Everything ruined"
reddit,mixed,r/zomato,1mfm2ym,sorin_96,114,2025-08-02 14:39:27,"Scored a crazy Zomato deal during the Try New Deals sale! 🍔🔥


So I was scrolling through Zomato for the “Try New Deals” sale (Aug 1–3) and stumbled upon an absolute steal at **BC Cafe, Thiroor (Thrissur)**.

They were offering **3 Mixed Burgers for ₹240**, which comes down to just ₹80 per burger.

Now here’s the crazy part...These same burgers are usually priced at **₹270 on Zomato** and **₹200 at the restaurant**. And I got all 3 for 233 total including other charges. The deal was so insane that **right after my order got placed, the offer disappeared from their page**. Not even joking.

Another sweet bonus? **Zero packaging charges.** Normally they charge ₹10 per burger...so that’s ₹30 saved right there.

Total paid: ₹233.80 after using a ₹30 coupon (NAVIFIRST)

Saved: ₹645 😭🔥

**So Keep an eye out for these “Try New Deals” on Zomato**...they’re live till **August 3rd**, and some of the discounts are wild.

Let us know if you guys found something similar 👀"
reddit,mixed,r/zomato,1mf73zb,movingtheorist,2,2025-08-02 01:49:10,"Inconclusive customer service
I had placed an order from Zomato for my dinner. The order was placed and money deducted but 45-50min into the order it got canceled. Now given that I was ordering at night this cancelation meant I'll have to figureout the dinner myself. When I tried talking to the Zomato support, all received was subpar response from their AI and customer support. 

As someone who has been partner, I know the commission Zomato charges along with penalties, but the quality of customer support is below average. So who actually benefits from such practise? 
The big tech aggregator, the small sized restaurant or the customer?"
reddit,mixed,r/zomato,1meo5ab,AdGreat5244,6,2025-08-01 11:00:19,"Felt cute
My boyfriend was feeling very low yesterday and then I thought to send him his favourite chocolate jar through zomato, he got his parcel but with that he also got this cute rose😭😭 and I didn't even asked, he got so happy, thankyou zomato for making our day."
reddit,mixed,r/zomato,1menkaf,swaggyperry,65,2025-08-01 10:26:34,"What a Shitshow by District App
If you dont want to give your customers you promise then it will hit your business one way or the other in the long run."
reddit,mixed,r/zomato,1menjf4,Confident_Abies_8655,62,2025-08-01 10:25:08,"District by Zomato Flash Friday Sale scam
Hello everyone, zomato by district launched an offer saying on the first of every month at 10 am, movie tickets will be sold for ₹10.
As expected when we try to book, the app conveniently kept crashing for the duration of the flash sale. 
First the movies wouldn’t load, second the seat map, third the checkout page.
 How long you waited, didn’t matter.
The sale was supposed to start at 10 and end at 10:10 
But they had a timer that was live till 10:19 
And I even received messages saying the sale was live. 
Despite trying over and over again, I would get the same response. 
If the seat map loaded, all the seats except the front two were “booked”.
And conveniently all multiplexes like PVR, inox and Cinepolis “were facing issues with booking”.
Out of curiosity I clicked on a random local theatre as that was the only one I could see that didn’t have an issue, but same scene here.
All tickets blocked except front two rows and again couldn’t load after picking seats.
Zomato needs to know people aren’t as easily tricked these days."
reddit,mixed,r/zomato,1menhcx,SnooRegrets6120,182,2025-08-01 10:21:42,[District] So this was clearly not a scam.
reddit,mixed,r/zomato,1menfkb,bhupendra286,9,2025-08-01 10:18:48,Does anyone able to book on zomato district flash friday sale.
reddit,mixed,r/zomato,1menc9u,CarnageEdits,1,2025-08-01 10:13:41,"Has anyone booked movietickets from the ""Flash Friday"" District sale ?
Was anyone able to book that...?"
reddit,mixed,r/zomato,1me80ym,Different_Part_5213,102,2025-07-31 23:06:19,"Customer service is worst
Ordered from Zomato today and the delivery partner arrived with full spilled food. Zomato customer care, as always, was of no help. How are they even surviving with such pathetic service. Definitely uninstalling the app today itself."
reddit,mixed,r/zomato,1me7n8c,Zealousideal-Slide-6,6,2025-07-31 22:52:12,"This is zomato
So ordered my food at 9 , called the restaurant,they said order was ready at 9:20 , yet this still showed as preparing and then after 1hr,50 mins approx, the order shows as delivered,even though it wasn't delivered, it says it will connect me to a support executive and ends the chat ... I don't know if i should be impressed by this or hurt"
reddit,mixed,r/zomato,1me68lb,CuteSomewhere5445,14,2025-07-31 21:58:58,"Zomato’s costumer care is so trash ?!?
I placed my order on 9:02 pm and after more than 40 minutes where again and again they were showing that your order will be placed shortly and there were no signs of my order getting canceled 
And I got text from zomato around 9:45 that your order has been canceled and now there costumer care is also not responding 
This kind of service is really not acceptable from such a platform 
(I placed my order from Pizza Hut sector 23 Gurgaon which is 5 mins walking distance from the place  from where I placed my order) just to inform"
reddit,mixed,r/zomato,1me4l46,INSECT_0,2,2025-07-31 20:56:49,"Zomato gold
so I am very confused about zomato gold in some offer they have provided zomato gold for 1 rs . and I am not finding the date till the offer valid and am getting my gold account . I also forgot if there any autopay option that I have initiated . I am confused please somebody help . or they will cut money out of my bank I cant find any dates till the my subscription is valid."
reddit,mixed,r/zomato,1mdrqyd,skyhawx27,39,2025-07-31 09:36:02,Zomato bogus policy
reddit,mixed,r/zomato,1mdm49d,Sudden-Bag-1611,3,2025-07-31 05:05:49,"Zomato fresher expectations?
Lately, I’ve been feeling a bit anxious about what companies like Zomato really expect from freshers. I’ve seen that most hiring happens through referrals, but before even asking for one, I want to make sure I’m not missing anything important.

I’ve kept a good CGPA, solved like more than 400 DSA problems, and built full-stack projects. I’m also learning system design and backend scaling these days.

If anyone could share what Zomato looks for beyond DSA, or is open to referring for FTE or a 6-month internship it would be very helpful. Happy to share my resume or work."
reddit,mixed,r/zomato,1md8r7p,Reasonable_Clock_341,178,2025-07-30 20:25:27,Send to bae
reddit,mixed,r/zomato,1md43sl,Nice-Dealer007,2,2025-07-30 17:00:40,Rotten eggs and poor customer support .
reddit,mixed,r/zomato,1md2o85,SwimmerPlus3383,14,2025-07-30 15:39:16,Movies at ₹10 On district app Book On Friday
reddit,mixed,r/zomato,1mczsve,Low_Process_1825,0,2025-07-30 12:33:26,"How?
I just saw this on zomato but I think it might be a typo or smth?"
reddit,mixed,r/zomato,1mc3g7m,AshamedTelephone9967,81,2025-07-29 11:16:36,"Amount spent on zomato
Total amount i have spent on zomato since 2019, cause i can cook. 😅😅"
reddit,mixed,r/zomato,1mby4rp,Ram_Contemplator,126,2025-07-29 06:41:53,"Free food for delivery guys in regional restaurant.
Delivery guys who come to Josetan's Cinema Company Restaurant on Zomato & Swiggy, please pay attention...

If any of you haven't eaten, please feel free to tell us at the counter. You're part of us and food is available for you."
reddit,mixed,r/zomato,1maqogo,mr_awake0172,1,2025-07-27 21:59:30,"Zomato apyment failed issue
I order from zomato but payment failed and when i checked in orders it was showing the status as payment failed and the payment will be refunded back in 5-7 days which is fine.

But now I am not able to place the order from the same restaurant because when I am trying to apply the coupon it says that a order with same coupon is pending or is in failed payment state.

Their support bot is such a waste as it is not connecting to customer executive.

Any way I can conenct with zomato customer care?

Any wa"
reddit,mixed,r/zomato,1mam5my,Ok-Resolution-3167,2,2025-07-27 18:51:50,Zomato scam
reddit,mixed,r/zomato,1makd80,Careful_Lack_3805,12,2025-07-27 17:21:17,"Wrong order delivered and refund option is 50% only
I have received someone else's order entirely and the only solution chat is offering is 50% refund,  I can't even reject the solution or say something or Type anything.  I have to choose from 3 options refund to wallet,  refund to source or nothing I just wanted to inform.  What the hell is this resolution.  So pissed off."
reddit,mixed,r/zomato,1majzl6,ChildhoodForward8380,563,2025-07-27 16:59:51,"Ordered chicken lollipop, got an insect as a side dish
Their response was more pathetic than the food."
reddit,mixed,r/zomato,1madyzn,artistic_pradhi,48,2025-07-27 10:38:04,"Zomatians Assemble!
Stepped out my pg in Bengaluru and saw the entire food delivery multiverse parked outside. Felt like the endgame of hunger."
